39,AGG
5,TGT
4,TTG
68,AGG
15,AGC
14,AAG
79,AGG
28,AGT
27,CAG
308,AGG
31,TGT
30,TTG
342,AGG
39,AGG
38,AAG
352,TGG
45,TGT
44,TTG
390,TGG
48,AGC
47,TAG
461,TGG
68,AGG
67,AAG
482,CGG
73,AGA
72,CAG
577,AGG
79,AGG
78,AAG
588,CGG
84,AGA
83,CAG
676,AGG
95,AGT
94,TAG
679,TGG
103,AGT
102,AAG
725,TGG
118,TGC
117,TTG
768,TGG
131,TGT
130,CTG
804,CGG
144,TGT
143,CTG
827,CGG
151,TGT
150,ATG
837,TGG
168,AGT
167,TAG
873,AGG
171,CGT
170,TCG
927,AGG
187,TGT
186,ATG
930,AGG
207,TGC
206,TTG
942,TGG
216,CGA
215,ACG
998,TGG
231,CGC
230,CCG
1024,CGG
245,TGT
244,ATG
1077,AGG
249,TGT
248,GTG
1154,AGG
253,TGC
252,ATG
1241,CGG
259,AGT
258,TAG
1308,AGG
263,TGT
262,GTG
1365,TGG
267,AGT
266,GAG
1389,TGG
270,AGT
269,TAG
1407,TGG
294,TGA
293,ATG
1461,AGG
300,TGC
299,CTG
1758,AGG
303,AGC
302,CAG
1802,CGG
306,TGA
305,CTG
1835,TGG
309,GGA
308,AGG
1876,TGG
316,CGT
315,TCG
1902,TGG
320,TGT
319,TTG
1938,AGG
332,TGC
331,CTG
1966,CGG
337,TGC
336,TTG
1979,CGG
342,AGG
341,TAG
2048,AGG
352,TGG
351,TTG
2060,AGG
357,AGT
356,AAG
2103,TGG
360,TGT
359,TTG
2246,TGG
386,AGC
385,TAG
2276,CGG
390,TGG
389,TTG
2288,CGG
400,TGT
399,TTG
2310,TGG
403,TGC
402,TTG
2324,CGG
444,TGC
443,TTG
2344,AGG
453,TGA
452,TTG
2350,TGG
458,TGA
457,TTG
2380,TGG
461,TGG
460,ATG
2425,CGG
464,CGA
463,GCG
2429,CGG
478,AGT
477,TAG
2465,AGG
482,CGG
481,TCG
2471,AGG
489,AGT
488,AAG
2501,AGG
499,TGT
498,TTG
2524,AGG
510,TGA
509,TTG
2527,AGG
514,TGT
513,TTG
2575,TGG
528,TGA
527,TTG
2589,TGG
533,AGC
532,AAG
2593,AGG
540,CGT
539,TCG
2598,TGG
548,AGC
547,CAG
2640,AGG
561,TGA
560,TTG
2773,AGG
565,AGT
564,TAG
2830,AGG
577,AGG
576,AAG
2890,TGG
588,CGG
587,TCG
2918,TGG
595,TGC
594,TTG
2947,AGG
619,CGT
618,TCG
2983,AGG
626,TGC
625,ATG
3009,TGG
630,TGA
629,TTG
3041,TGG
640,TGT
639,TTG
3048,AGG
650,TGA
649,ATG
3051,AGG
655,AGA
654,AAG
3154,TGG
665,CGT
664,ACG
3164,CGG
670,TGC
669,ATG
3239,TGG
676,AGG
675,AAG
3300,CGG
679,TGG
678,GTG
3303,AGG
682,TGA
681,GTG
3328,AGG
687,AGA
686,AAG
3361,CGG
692,TGC
691,ATG
3391,AGG
699,AGA
698,TAG
3399,TGG
713,TGA
712,TTG
3480,TGG
725,TGG
724,ATG
3515,TGG
731,TGA
730,TTG
3540,AGG
735,AGA
734,AAG
3569,TGG
759,TGA
758,CTG
3573,AGG
762,AGA
761,AAG
3576,AGG
768,TGG
767,TTG
3617,AGG
771,TGT
770,GTG
3698,AGG
778,AGA
777,TAG
3709,CGG
797,TGA
796,ATG
3714,TGG
804,CGG
803,ACG
3735,TGG
808,AGA
807,GAG
3786,AGG
827,CGG
826,CCG
3789,AGG
837,TGG
836,ATG
3805,AGG
849,TGC
848,TTG
3882,AGG
855,AGA
854,TAG
3908,CGG
860,TGA
859,TTG
3917,TGG
870,AGA
869,AAG
3923,AGG
873,AGG
872,AAG
3980,AGG
877,AGA
876,AAG
3983,TGG
894,CGA
893,ACG
3991,CGG
897,AGA
896,AAG
4004,AGG
904,CGC
903,ACG
4075,AGG
911,AGA
910,AAG
4091,CGG
915,AGT
914,AAG
4197,TGG
927,AGG
926,AAG
4241,AGG
930,AGG
929,GAG
4283,AGG
942,TGG
941,ATG
4292,AGG
967,AGA
966,TAG
4319,AGG
974,AGA
973,TAG
4404,AGG
978,AGC
977,AAG
4433,CGG
991,CGC
990,CCG
4552,CGG
996,AGT
995,CAG
4577,TGG
999,GGC
998,TGG
4599,AGG
1003,CGA
1002,ACG
4603,CGG
1013,AGA
1012,CAG
4626,AGG
1021,TGA
1020,TTG
4674,CGG
1024,CGG
1023,ACG
4683,AGG
1034,AGT
1033,TAG
4695,TGG
1042,AGC
1041,AAG
4779,AGG
1045,CGC
1044,CCG
4866,AGG
1048,CGA
1047,CCG
4917,TGG
1060,CGA
1059,TCG
4934,TGG
1063,CGA
1062,ACG
4945,TGG
1069,AGA
1068,AAG
4965,AGG
1072,TGT
1071,ATG
4979,CGG
1075,TGA
1074,TTG
5009,AGG
1078,GGT
1077,AGG
5073,CGG
1107,AGA
1106,AAG
5127,TGG
1113,TGA
1112,ATG
5136,TGG
1116,AGT
1115,AAG
5166,AGG
1126,TGA
1125,TTG
5171,TGG
1134,AGT
1133,AAG
5214,CGG
1150,CGA
1149,ACG
5238,TGG
1154,AGG
1153,AAG
5280,CGG
1158,AGA
1157,AAG
5306,AGG
1168,TGA
1167,ATG
5312,CGG
1171,TGC
1170,ATG
5383,TGG
1174,TGA
1173,CTG
5429,TGG
1190,AGC
1189,TAG
5442,AGG
1207,TGA
1206,ATG
5488,AGG
1214,AGC
1213,TAG
5590,TGG
1228,TGC
1227,ATG
5622,CGG
1232,CGT
1231,TCG
5642,TGG
1236,AGA
1235,AAG
5661,CGG
1241,CGG
1240,TCG
5667,AGG
1245,AGA
1244,TAG
5751,TGG
1267,AGT
1266,AAG
5794,TGG
1271,TGT
1270,TTG
5812,AGG
1279,CGT
1278,TCG
5832,AGG
1282,TGA
1281,TTG
5843,AGG
1287,AGA
1286,TAG
5893,TGG
1305,CGC
1304,ACG
5896,CGG
1308,AGG
1307,CAG
5932,TGG
1319,CGA
1318,TCG
5967,AGG
1338,TGA
1337,CTG
5991,AGG
1341,TGA
1340,ATG
5994,CGG
1344,CGA
1343,ACG
6033,AGG
1350,AGC
1349,TAG
6095,AGG
1365,TGG
1364,CTG
6190,AGG
1378,TGT
1377,TTG
6272,AGG
1385,CGA
1384,TCG
6291,CGG
1389,TGG
1388,TTG
6310,CGG
1392,AGC
1391,GAG
6358,TGG
1396,TGC
1395,ATG
6384,CGG
1407,TGG
1406,TTG
6388,AGG
1421,CGA
1420,CCG
6436,TGG
1425,AGA
1424,GAG
6470,TGG
1428,TGA
1427,ATG
6473,TGG
1440,AGA
1439,CAG
6577,AGG
1454,CGT
1453,ACG
6598,TGG
1461,AGG
1460,TAG
6619,AGG
1464,TGT
1463,GTG
6704,AGG
1478,TGT
1477,TTG
6707,TGG
1509,AGT
1508,AAG
6754,AGG
1513,TGA
1512,ATG
6805,AGG
1521,AGA
1520,TAG
6865,AGG
1524,CGA
1523,ACG
6879,TGG
1529,CGA
1528,TCG
6907,TGG
1532,CGA
1531,ACG
6970,AGG
1565,AGT
1564,TAG
7007,TGG
1568,AGA
1567,TAG
7048,TGG
1576,AGA
1575,AAG
7069,TGG
1580,CGC
1579,TCG
7086,TGG
1595,TGA
1594,CTG
7129,CGG
1606,TGA
1605,TTG
7141,AGG
1612,CGA
1611,ACG
7188,CGG
1626,TGA
1625,TTG
7195,CGG
1632,TGC
1631,ATG
7203,CGG
1635,AGA
1634,CAG
7210,CGG
1639,AGA
1638,TAG
7218,CGG
1647,AGC
1646,AAG
7225,CGG
1651,AGA
1650,TAG
7233,CGG
1656,AGC
1655,AAG
7246,AGG
1664,CGT
1663,ACG
7312,TGG
1668,TGA
1667,TTG
7326,CGG
1677,AGT
1676,AAG
7390,AGG
1680,AGA
1679,TAG
7445,TGG
1684,TGT
1683,TTG
7460,AGG
1688,TGA
1687,ATG
7464,TGG
1699,AGA
1698,AAG
7467,AGG
1720,TGA
1719,TTG
7479,AGG
1738,CGA
1737,ACG
7505,TGG
1754,CGA
1753,ACG
7515,CGG
1758,AGG
1757,AAG
7552,TGG
1761,AGC
1760,GAG
7566,AGG
1774,TGC
1773,ATG
7597,TGG
1778,AGC
1777,AAG
7602,CGG
1795,CGA
1794,TCG
7611,TGG
1802,CGG
1801,TCG
7640,TGG
1805,AGA
1804,GAG
7647,AGG
1810,TGT
1809,ATG
7650,GGG
1823,AGA
1822,AAG
7726,AGG
1829,AGA
1828,AAG
7747,TGG
1835,TGG
1834,ATG
7798,TGG
1838,AGA
1837,GAG
7816,CGG
1844,CGC
1843,TCG
7839,AGG
1851,AGT
1850,AAG
7862,CGG
1857,AGA
1856,AAG
7990,AGG
1861,AGT
1860,GAG
8029,AGG
1871,AGC
1870,AAG
8038,CGG
1876,TGG
1875,TTG
8044,TGG
1880,AGT
1879,AAG
8092,AGG
1888,AGC
1887,AAG
8100,CGG
1896,AGC
1895,TAG
8130,TGG
1902,TGG
1901,TTG
8229,TGG
1907,AGA
1906,CAG
8290,AGG
1918,TGA
1917,TTG
8351,TGG
1921,AGC
1920,AAG
8404,CGG
1931,AGA
1930,AAG
8417,AGG
1938,AGG
1937,TAG
8432,TGG
1950,AGT
1949,AAG
8501,AGG
1962,AGT
1961,AAG
8507,AGG
1966,CGG
1965,ACG
8521,AGG
1970,TGT
1969,TTG
8589,AGG
1979,CGG
1978,ACG
8637,TGG
1982,AGC
1981,GAG
8642,CGG
1985,TGT
1984,CTG
8654,AGG
1989,AGA
1988,AAG
8700,AGG
1997,AGA
1996,TAG
8732,TGG
2000,AGA
1999,AAG
8760,AGG
2006,TGC
2005,ATG
8769,CGG
2018,TGA
2017,TTG
8793,AGG
2021,TGT
2020,ATG
8824,AGG
2024,AGC
2023,TAG
8827,TGG
2033,TGT
2032,ATG
8834,TGG
2036,TGC
2035,TTG
8867,AGG
2041,TGA
2040,ATG
8876,TGG
2044,TGT
2043,ATG
8907,AGG
2048,AGG
2047,CAG
8967,AGG
2054,AGA
2053,CAG
9043,TGG
2060,AGG
2059,AAG
9068,TGG
2066,TGA
2065,TTG
9072,TGG
2073,AGA
2072,TAG
9095,CGG
2077,AGT
2076,GAG
9138,TGG
2093,TGA
2092,TTG
9148,TGG
2099,AGC
2098,AAG
9195,TGG
2103,TGG
2102,ATG
9227,AGG
2109,AGT
2108,CAG
9279,AGG
2114,AGA
2113,CAG
9319,TGG
2119,TGA
2118,ATG
9340,TGG
2125,TGC
2124,ATG
9415,AGG
2130,CGT
2129,ACG
9418,TGG
2144,TGC
2143,TTG
9446,CGG
2168,AGA
2167,TAG
9497,CGG
2176,AGA
2175,AAG
9509,TGG
2180,TGA
2179,TTG
9514,TGG
2184,CGT
2183,ACG
9533,TGG
2201,TGT
2200,TTG
9536,TGG
2207,TGC
2206,TTG
9540,TGG
2210,AGA
2209,CAG
9572,TGG
2213,TGC
2212,ATG
9651,AGG
2216,AGT
2215,CAG
9667,AGG
2219,AGC
2218,TAG
9684,AGG
2230,AGA
2229,AAG
9735,TGG
2243,AGT
2242,TAG
9771,TGG
2246,TGG
2245,TTG
9862,CGG
2249,AGA
2248,GAG
9900,CGG
2255,AGC
2254,TAG
9934,AGG
2260,AGA
2259,AAG
9976,TGG
2276,CGG
2275,ACG
9984,AGG
2288,CGG
2287,TCG
9990,TGG
2295,CGC
2294,ACG
10031,TGG
2298,AGA
2297,CAG
10086,CGG
2302,TGT
2301,TTG
10109,AGG
2306,TGA
2305,TTG
10124,TGG
2310,TGG
2309,GTG
10146,TGG
2316,CGT
2315,ACG
10164,CGG
2324,CGG
2323,ACG
10183,TGG
2340,CGC
2339,ACG
10188,AGG
2344,AGG
2343,AAG
10214,CGG
2348,TGT
2347,GTG
10224,CGG
2351,GGA
2350,TGG
10245,TGG
2362,TGC
2361,ATG
10250,TGG
2371,AGT
2370,CAG
10259,AGG
2380,TGG
2379,ATG
10288,AGG
2385,CGT
2384,ACG
10294,TGG
2389,AGT
2388,GAG
10350,TGG
2396,CGA
2395,TCG
10366,CGG
2405,AGA
2404,AAG
10379,AGG
2425,CGG
2424,TCG
10400,AGG
2429,CGG
2428,ACG
10412,TGG
2445,AGT
2444,TAG
10519,CGG
2449,AGA
2448,AAG
10552,TGG
2452,CGC
2451,ACG
10556,AGG
2459,AGT
2458,AAG
10559,AGG
2465,AGG
2464,CAG
10613,TGG
2471,AGG
2470,AAG
10677,TGG
2486,TGT
2485,TTG
10685,TGG
2494,AGT
2493,AAG
10693,TGG
2501,AGG
2500,TAG
10797,AGG
2504,AGA
2503,GAG
10815,CGG
2524,AGG
2523,TAG
10866,AGG
2527,AGG
2526,GAG
10878,TGG
2539,TGA
2538,ATG
10881,AGG
2543,CGC
2542,ACG
10912,TGG
2575,TGG
2574,ATG
10926,AGG
2579,AGT
2578,CAG
10947,AGG
2582,TGT
2581,TTG
10991,CGG
2587,CGT
2586,ACG
11052,AGG
2590,GGA
2589,TGG
11087,CGG
2593,AGG
2592,AAG
11148,AGG
2598,TGG
2597,TTG
11190,TGG
2602,AGA
2601,AAG
11219,AGG
2606,TGA
2605,TTG
11288,AGG
2611,AGC
2610,AAG
11295,AGG
2619,AGA
2618,TAG
11324,TGG
2627,TGT
2626,CTG
11327,AGG
2634,AGT
2633,TAG
11351,AGG
2637,AGC
2636,TAG
11363,AGG
2640,AGG
2639,CAG
11371,TGG
2644,CGT
2643,GCG
11379,AGG
2647,TGA
2646,TTG
11438,TGG
2651,TGA
2650,GTG
11447,AGG
2683,CGA
2682,CCG
11476,TGG
2687,AGA
2686,AAG
11496,TGG
2690,TGC
2689,ATG
11502,AGG
2693,TGA
2692,CTG
11543,TGG
2705,TGA
2704,CTG
11552,TGG
2711,TGC
2710,CTG
11570,TGG
2715,CGT
2714,TCG
11575,TGG
2718,CGC
2717,TCG
11599,TGG
2725,TGA
2724,TTG
11602,AGG
2728,AGT
2727,AAG
11667,CGG
2732,CGC
2731,TCG
11681,AGG
2735,CGA
2734,CCG
11702,AGG
2748,AGC
2747,TAG
11744,AGG
2769,CGA
2768,ACG
11781,AGG
2773,AGG
2772,AAG
11805,AGG
2778,AGA
2777,AAG
11816,CGG
2782,AGA
2781,TAG
11840,AGG
2787,TGC
2786,ATG
11843,AGG
2800,AGT
2799,TAG
11849,AGG
2815,AGA
2814,CAG
11907,AGG
2828,AGA
2827,TAG
11981,TGG
2831,GGC
2830,AGG
11994,TGG
2836,AGA
2835,AAG
12011,TGG
2845,TGT
2844,TTG
12025,AGG
2853,AGT
2852,AAG
12069,TGG
2860,CGC
2859,ACG
12076,TGG
2886,TGT
2885,TTG
12100,AGG
2890,TGG
2889,TTG
12338,AGG
2893,AGT
2892,GAG
12358,TGG
2897,TGT
2896,ATG
12373,AGG
2900,AGA
2899,TAG
12379,AGG
2903,AGT
2902,AAG
12412,AGG
2908,AGT
2907,CAG
12415,AGG
2918,TGG
2917,CTG
12421,TGG
2922,TGA
2921,TTG
12466,AGG
2933,CGC
2932,CCG
12509,AGG
2938,AGA
2937,AAG
12525,AGG
2947,AGG
2946,TAG
12561,AGG
2950,TGT
2949,GTG
12594,TGG
2953,AGA
2952,TAG
12617,AGG
2968,TGA
2967,TTG
12625,TGG
2983,AGG
2982,CAG
12635,CGG
2991,TGA
2990,CTG
12660,AGG
3009,TGG
3008,TTG
12663,TGG
3013,AGA
3012,AAG
12729,TGG
3021,TGA
3020,TTG
12809,AGG
3026,AGA
3025,CAG
12816,TGG
3030,AGC
3029,AAG
12851,CGG
3041,TGG
3040,ATG
12907,TGG
3048,AGG
3047,TAG
12956,TGG
3051,AGG
3050,GAG
12980,AGG
3062,TGA
3061,ATG
12992,TGG
3079,AGC
3078,AAG
13006,AGG
3087,AGT
3086,TAG
13009,AGG
3090,AGC
3089,TAG
13169,TGG
3093,AGT
3092,CAG
13195,AGG
3100,TGC
3099,ATG
13233,TGG
3108,AGT
3107,CAG
13239,TGG
3114,AGC
3113,TAG
13269,TGG
3120,TGT
3119,TTG
13274,TGG
3128,TGC
3127,ATG
13294,TGG
3131,CGT
3130,CCG
13312,CGG
3150,AGC
3149,CAG
13359,TGG
3154,TGG
3153,ATG
13390,AGG
3162,TGC
3161,TTG
13526,AGG
3165,GGG
3164,CGG
13537,AGG
3171,CGC
3170,TCG
13564,TGG
3175,AGT
3174,AAG
13617,AGG
3180,CGC
3179,TCG
13680,AGG
3191,TGT
3190,ATG
13718,CGG
3201,AGA
3200,AAG
13736,AGG
3205,TGC
3204,ATG
13783,AGG
3216,AGA
3215,AAG
13787,CGG
3229,TGC
3228,CTG
13790,AGG
3236,TGT
3235,TTG
13836,AGG
3239,TGG
3238,TTG
13880,CGG
3242,AGC
3241,GAG
13911,TGG
3246,AGT
3245,AAG
13941,AGG
3252,AGT
3251,CAG
13978,AGG
3267,AGA
3266,AAG
13999,AGG
3279,TGT
3278,ATG
14021,AGG
3293,CGA
3292,ACG
14054,TGG
3300,CGG
3299,ACG
14094,AGG
3303,AGG
3302,GAG
14104,AGG
3307,AGT
3306,AAG
14303,TGG
3312,AGA
3311,AAG
14405,TGG
3315,TGT
3314,ATG
14408,TGG
3322,CGA
3321,ACG
14490,AGG
3328,AGG
3327,TAG
14532,AGG
3331,CGA
3330,GCG
14594,AGG
3341,CGC
3340,ACG
14605,AGG
3355,TGT
3354,ATG
14619,CGG
3361,CGG
3360,ACG
14639,AGG
3367,CGA
3366,TCG
14654,AGG
3375,AGC
3374,AAG
14663,TGG
3391,AGG
3390,AAG
14706,CGG
3399,TGG
3398,ATG
14710,AGG
3415,AGT
3414,AAG
14717,CGG
3421,AGA
3420,AAG
14721,AGG
3426,TGA
3425,ATG
14763,TGG
3433,CGT
3432,ACG
14776,AGG
3448,TGC
3447,ATG
14796,TGG
3454,TGT
3453,ATG
14833,AGG
3457,CGT
3456,TCG
14879,TGG
3460,AGA
3459,TAG
14900,AGG
3463,TGA
3462,ATG
14978,AGG
3469,TGA
3468,ATG
14987,TGG
3475,AGA
3474,TAG
15028,CGG
3480,TGG
3479,ATG
15068,CGG
3487,AGA
3486,CAG
15112,TGG
3502,AGC
3501,AAG
15132,CGG
3508,AGA
3507,TAG
15147,AGG
3511,TGA
3510,ATG
15219,AGG
3515,TGG
3514,ATG
15249,TGG
3520,TGA
3519,TTG
15261,AGG
3523,AGA
3522,AAG
15306,TGG
3532,AGA
3531,CAG
15351,TGG
3535,CGA
3534,ACG
15362,TGG
3540,AGG
3539,CAG
15372,AGG
3545,AGA
3544,CAG
15390,TGG
3559,AGT
3558,TAG
15396,AGG
3564,TGA
3563,ATG
15408,TGG
3569,TGG
3568,ATG
15423,TGG
3573,AGG
3572,TAG
15461,AGG
3576,AGG
3575,GAG
15492,TGG
3580,CGC
3579,TCG
15498,TGG
3585,TGA
3584,ATG
15512,TGG
3588,AGC
3587,AAG
15544,TGG
3591,AGA
3590,CAG
15585,AGG
3595,TGT
3594,CTG
15656,AGG
3611,CGT
3610,TCG
15672,AGG
3617,AGG
3616,TAG
15699,CGG
3624,TGC
3623,ATG
15706,TGG
3652,TGA
3651,CTG
15714,TGG
3664,AGA
3663,CAG
15720,CGG
3671,AGT
3670,TAG
15776,TGG
3686,AGA
3685,TAG
15807,TGG
3692,AGA
3691,TAG
15817,TGG
3698,AGG
3697,TAG
15834,TGG
3702,AGT
3701,GAG
15852,AGG
3709,CGG
3708,ACG
15858,AGG
3714,TGG
3713,ATG
15867,TGG
3718,AGA
3717,AAG
15887,AGG
3721,AGC
3720,AAG
15922,TGG
3725,AGT
3724,GAG
15926,TGG
3735,TGG
3734,ATG
15957,TGG
3748,AGC
3747,AAG
16058,CGG
3756,AGA
3755,AAG
16067,AGG
3763,AGT
3762,CAG
16121,TGG
3769,AGA
3768,CAG
16126,AGG
3778,TGA
3777,TTG
16139,AGG
3784,CGA
3783,ACG
16156,TGG
3787,GGA
3786,AGG
16170,CGG
3790,GGT
3789,AGG
16202,TGG
3793,AGA
3792,TAG
16252,AGG
3799,TGA
3798,ATG
16255,AGG
3803,TGA
3802,CTG
16258,GGG
3806,GGA
3805,AGG
16301,AGG
3815,AGA
3814,AAG
16324,AGG
3824,AGA
3823,AAG
16363,TGG
3830,AGT
3829,AAG
16454,TGG
3834,AGC
3833,AAG
16457,TGG
3853,AGA
3852,AAG
16467,AGG
3866,CGC
3865,TCG
16538,TGG
3869,TGA
3868,CTG
16550,TGG
3882,AGG
3881,AAG
16651,AGG
3899,TGC
3898,TTG
16664,AGG
3902,AGT
3901,CAG
16672,TGG
3908,CGG
3907,ACG
16685,CGG
3917,TGG
3916,TTG
16691,TGG
3923,AGG
3922,CAG
16698,AGG
3934,CGT
3933,ACG
16721,TGG
3938,TGC
3937,TTG
16731,AGG
3945,AGA
3944,AAG
16769,TGG
3953,AGA
3952,AAG
16832,TGG
3956,CGC
3955,ACG
16889,AGG
3962,CGT
3961,TCG
16895,AGG
3968,TGA
3967,TTG
16919,TGG
3977,CGA
3976,ACG
16958,TGG
3980,AGG
3979,AAG
16985,AGG
3983,TGG
3982,GTG
16999,AGG
3991,CGG
3990,ACG
17090,CGG
3998,TGA
3997,CTG
17095,TGG
4001,CGA
4000,ACG
17135,TGG
4004,AGG
4003,AAG
17164,TGG
4010,AGA
4009,CAG
17285,CGG
4013,CGT
4012,ACG
17303,TGG
4016,AGA
4015,TAG
17323,TGG
4022,CGA
4021,TCG
17376,AGG
4040,TGT
4039,TTG
17417,AGG
4046,TGT
4045,ATG
17428,TGG
4049,TGT
4048,TTG
17521,AGG
4075,AGG
4074,CAG
17544,AGG
4078,AGA
4077,GAG
17549,AGG
4081,TGA
4080,ATG
17596,TGG
4085,AGA
4084,GAG
17645,AGG
4091,CGG
4090,ACG
17705,AGG
4097,AGA
4096,AAG
17827,TGG
4106,TGT
4105,ATG
17851,AGG
4109,TGT
4108,TTG
17861,AGG
4112,AGT
4111,TAG
17877,AGG
4118,TGA
4117,TTG
17902,AGG
4137,AGA
4136,TAG
17984,TGG
4144,TGA
4143,ATG
18026,AGG
4150,TGA
4149,TTG
18135,AGG
4154,TGA
4153,ATG
18147,TGG
4157,TGT
4156,ATG
18152,AGG
4162,TGA
4161,ATG
18192,CGG
4171,AGT
4170,AAG
18221,TGG
4186,CGT
4185,ACG
18237,AGG
4193,TGA
4192,ATG
18258,TGG
4197,TGG
4196,TTG
18275,TGG
4200,GGA
4199,GGG
18291,CGG
4205,AGT
4204,AAG
18313,TGG
4208,TGC
4207,TTG
18363,TGG
4211,TGA
4210,CTG
18374,TGG
4215,CGA
4214,ACG
18402,TGG
4220,TGT
4219,TTG
18411,TGG
4224,AGT
4223,CAG
18416,AGG
4228,TGT
4227,ATG
18435,TGG
4233,AGA
4232,CAG
18537,TGG
4241,AGG
4240,TAG
18577,TGG
4253,AGA
4252,AAG
18597,AGG
4256,AGA
4255,AAG
18600,TGG
4274,TGT
4273,TTG
18612,TGG
4283,AGG
4282,CAG
18643,TGG
4289,TGA
4288,ATG
18759,TGG
4292,AGG
4291,AAG
18877,CGG
4304,AGA
4303,AAG
18886,AGG
4310,AGA
4309,AAG
18897,AGG
4313,TGA
4312,ATG
18906,AGG
4316,TGA
4315,ATG
18990,AGG
4319,AGG
4318,AAG
19002,CGG
4323,AGC
4322,TAG
19024,AGG
4349,TGA
4348,TTG
19045,AGG
4352,AGC
4351,AAG
19090,AGG
4358,AGA
4357,AAG
19103,TGG
4373,AGC
4372,AAG
19122,AGG
4389,AGT
4388,AAG
19145,CGG
4394,TGT
4393,ATG
19224,AGG
4400,AGC
4399,TAG
19258,AGG
4404,AGG
4403,TAG
19269,AGG
4411,TGA
4410,ATG
19309,AGG
4415,TGA
4414,TTG
19381,AGG
4418,AGA
4417,AAG
19408,TGG
4424,TGA
4423,TTG
19476,TGG
4427,TGA
4426,ATG
19509,AGG
4433,CGG
4432,ACG
19522,TGG
4436,AGA
4435,GAG
19544,AGG
4441,AGA
4440,AAG
19561,CGG
4445,AGC
4444,AAG
19574,CGG
4449,AGA
4448,TAG
19595,AGG
4463,CGC
4462,ACG
19621,TGG
4466,TGA
4465,CTG
19700,AGG
4480,CGT
4479,ACG
19706,AGG
4484,TGA
4483,TTG
19716,TGG
4492,AGA
4491,AAG
19726,CGG
4497,AGA
4496,TAG
19771,TGG
4528,AGA
4527,AAG
19787,TGG
4535,TGC
4534,TTG
19824,TGG
4545,AGC
4544,TAG
19849,AGG
4552,CGG
4551,ACG
19870,AGG
4556,CGT
4555,ACG
19907,TGG
4559,AGT
4558,TAG
19940,TGG
4562,AGA
4561,TAG
19958,AGG
4565,AGC
4564,AAG
19973,AGG
4572,AGA
4571,TAG
20017,CGG
4577,TGG
4576,ATG
20026,TGG
4599,AGG
4598,AAG
20060,CGG
4603,CGG
4602,ACG
20141,CGG
4616,TGA
4615,ATG
20155,TGG
4626,AGG
4625,CAG
20177,TGG
4632,AGC
4631,AAG
20182,CGG
4647,AGA
4646,AAG
20218,TGG
4659,AGA
4658,AAG
20226,TGG
4664,AGT
4663,AAG
20243,CGG
4674,CGG
4673,ACG
20255,AGG
4680,AGC
4679,CAG
20318,TGG
4683,AGG
4682,CAG
20431,AGG
4692,AGC
4691,AAG
20434,AGG
4695,TGG
4694,CTG
20445,TGG
4698,AGA
4697,GAG
20469,AGG
4707,AGT
4706,CAG
20508,AGG
4713,AGT
4712,AAG
20536,CGG
4725,TGA
4724,TTG
20547,AGG
4734,TGA
4733,ATG
20634,TGG
4738,AGA
4737,TAG
20639,TGG
4747,AGA
4746,TAG
20675,TGG
4761,CGT
4760,TCG
20685,CGG
4767,TGA
4766,TTG
20704,AGG
4773,TGA
4772,ATG
20736,TGG
4776,TGA
4775,ATG
20837,TGG
4779,AGG
4778,AAG
20865,TGG
4806,TGT
4805,TTG
20886,TGG
4811,CGC
4810,CCG
20899,AGG
4814,CGT
4813,CCG
20938,AGG
4824,TGA
4823,ATG
20944,AGG
4833,AGA
4832,AAG
20996,TGG
4844,TGA
4843,TTG
21014,AGG
4848,TGA
4847,TTG
21065,AGG
4854,AGT
4853,TAG
21073,TGG
4861,CGA
4860,TCG
21190,AGG
4866,AGG
4865,TAG
21212,AGG
4874,AGT
4873,AAG
21229,AGG
4888,AGC
4887,TAG
21233,CGG
4893,AGA
4892,TAG
21268,AGG
4899,TGA
4898,TTG
21278,TGG
4908,TGA
4907,ATG
21294,CGG
4917,TGG
4916,TTG
21308,TGG
4922,AGT
4921,AAG
21320,TGG
4927,TGT
4926,TTG
21349,TGG
4934,TGG
4933,TTG
21360,AGG
4940,TGA
4939,TTG
21423,AGG
4945,TGG
4944,ATG
21462,TGG
4956,TGA
4955,ATG
21465,TGG
4959,AGA
4958,AAG
21489,CGG
4962,TGA
4961,ATG
21519,CGG
4965,AGG
4964,AAG
21525,TGG
4970,AGT
4969,AAG
21540,TGG
4979,CGG
4978,ACG
21546,TGG
5009,AGG
5008,AAG
21549,TGG
5013,CGA
5012,GCG
21574,TGG
5016,TGA
5015,ATG
21585,AGG
5019,TGT
5018,ATG
21594,CGG
5022,TGT
5021,TTG
21601,TGG
5039,CGA
5038,CCG
21615,TGG
5042,AGA
5041,AAG
21637,TGG
5046,AGA
5045,CAG
21657,AGG
5051,AGC
5050,AAG
21691,AGG
5058,AGC
5057,AAG
21694,TGG
5061,TGA
5060,CTG
21706,TGG
5064,AGA
5063,AAG
21790,AGG
5073,CGG
5072,ACG
21839,TGG
5076,GGC
5075,GGG
21894,CGG
5096,TGT
5095,ATG
21938,AGG
5107,AGC
5106,AAG
21963,AGG
5118,TGA
5117,TTG
22054,AGG
5122,AGC
5121,AAG
22068,TGG
5125,AGT
5124,CAG
22078,CGG
5128,GGC
5127,TGG
22116,AGG
5136,TGG
5135,TTG
22130,TGG
5142,TGA
5141,ATG
22218,AGG
5145,CGA
5144,ACG
22221,TGG
5151,AGA
5150,AAG
22260,AGG
5157,AGC
5156,TAG
22263,CGG
5166,AGG
5165,AAG
22271,CGG
5169,TGT
5168,GTG
22317,TGG
5172,GGT
5171,TGG
22329,TGG
5180,TGC
5179,ATG
22338,AGG
5194,AGA
5193,AAG
22371,AGG
5201,AGA
5200,CAG
22374,TGG
5205,AGA
5204,AAG
22390,TGG
5211,CGA
5210,ACG
22419,CGG
5214,CGG
5213,ACG
22431,CGG
5226,CGT
5225,CCG
22440,TGG
5229,CGT
5228,TCG
22519,TGG
5232,TGC
5231,TTG
22533,AGG
5238,TGG
5237,CTG
22561,TGG
5241,TGT
5240,GTG
22575,AGG
5244,TGA
5243,TTG
22605,CGG
5250,TGA
5249,TTG
22617,CGG
5257,AGT
5256,AAG
22667,CGG
5265,TGA
5264,TTG
22699,AGG
5274,AGA
5273,TAG
22702,GGG
5280,CGG
5279,ACG
22742,AGG
5295,AGC
5294,AAG
22794,CGG
5298,AGA
5297,CAG
22878,TGG
5301,AGT
5300,AAG
22887,AGG
5304,AGA
5303,TAG
22899,AGG
5307,GGT
5306,AGG
22920,CGG
5312,CGG
5311,CCG
22960,TGG
5334,AGA
5333,TAG
23045,AGG
5341,CGC
5340,ACG
23067,AGG
5355,CGC
5354,TCG
23075,TGG
5360,TGT
5359,ATG
23094,TGG
5365,AGA
5364,TAG
23107,AGG
5373,AGA
5372,TAG
23125,TGG
5383,TGG
5382,CTG
23153,TGG
5386,GGC
5385,GGG
23165,AGG
5394,AGT
5393,CAG
23187,AGG
5397,AGA
5396,TAG
23216,AGG
5407,AGA
5406,TAG
23225,TGG
5424,AGA
5423,CAG
23259,AGG
5429,TGG
5428,TTG
23282,AGG
5438,TGA
5437,ATG
23328,TGG
5442,AGG
5441,AAG
23337,TGG
5448,TGA
5447,ATG
23345,TGG
5451,AGA
5450,AAG
23348,TGG
5458,AGT
5457,CAG
23353,AGG
5462,TGC
5461,CTG
23358,AGG
5466,CGA
5465,GCG
23405,CGG
5470,TGT
5469,CTG
23427,AGG
5477,TGA
5476,ATG
23483,TGG
5481,AGT
5480,AAG
23552,AGG
5484,TGC
5483,TTG
23579,AGG
5488,AGG
5487,AAG
23582,AGG
5492,AGT
5491,GAG
23593,TGG
5499,AGA
5498,TAG
23608,TGG
5504,TGA
5503,CTG
23620,TGG
5511,AGC
5510,TAG
23652,AGG
5519,TGT
5518,ATG
23758,TGG
5540,TGA
5539,ATG
23769,TGG
5544,TGT
5543,GTG
23899,TGG
5547,AGA
5546,TAG
23937,TGG
5552,CGA
5551,ACG
23959,TGG
5558,AGT
5557,AAG
23986,TGG
5561,TGT
5560,TTG
23989,CGG
5566,AGC
5565,AAG
23996,AGG
5571,AGA
5570,AAG
24027,AGG
5577,AGC
5576,AAG
24057,TGG
5590,TGG
5589,TTG
24065,AGG
5605,CGC
5604,CCG
24101,AGG
5611,TGT
5610,CTG
24122,CGG
5620,TGC
5619,ATG
24131,TGG
5623,GGA
5622,CGG
24158,TGG
5627,AGC
5626,AAG
24174,TGG
5634,CGC
5633,ACG
24206,CGG
5637,AGA
5636,CAG
24217,TGG
5642,TGG
5641,CTG
24248,CGG
5652,TGA
5651,ATG
24268,AGG
5655,AGC
5654,AAG
24275,AGG
5658,AGT
5657,CAG
24320,CGG
5661,CGG
5660,TCG
24340,TGG
5665,AGA
5664,CAG
24355,CGG
5668,GGC
5667,AGG
24359,TGG
5672,TGA
5671,ATG
24368,AGG
5677,AGA
5676,CAG
24371,TGG
5687,TGA
5686,ATG
24374,TGG
5697,TGA
5696,ATG
24383,AGG
5706,TGT
5705,ATG
24392,TGG
5712,AGC
5711,TAG
24410,AGG
5719,TGT
5718,ATG
24416,TGG
5722,CGC
5721,TCG
24425,TGG
5736,CGA
5735,ACG
24431,TGG
5745,TGC
5744,ATG
24439,TGG
5751,TGG
5750,TTG
24460,TGG
5754,CGT
5753,GCG
24470,TGG
5759,AGT
5758,AAG
24478,TGG
5762,CGT
5761,TCG
24537,TGG
5766,TGA
5765,TTG
24590,AGG
5769,TGA
5768,ATG
24599,AGG
5783,TGC
5782,TTG
24655,TGG
5787,TGA
5786,ATG
24682,AGG
5792,CGT
5791,TCG
24687,TGG
5795,GGA
5794,TGG
24740,AGG
5802,AGT
5801,AAG
24743,TGG
5805,TGA
5804,TTG
24755,CGG
5808,TGA
5807,ATG
24776,AGG
5812,AGG
5811,GAG
24785,TGG
5825,TGT
5824,ATG
24791,CGG
5828,TGA
5827,TTG
24845,AGG
5832,AGG
5831,AAG
24879,TGG
5835,AGA
5834,GAG
24892,TGG
5843,AGG
5842,AAG
24896,TGG
5848,TGA
5847,ATG
24953,TGG
5853,AGA
5852,TAG
24965,TGG
5859,AGA
5858,AAG
24980,TGG
5873,AGC
5872,TAG
24986,TGG
5885,CGT
5884,TCG
25035,TGG
5893,TGG
5892,TTG
25068,TGG
5896,CGG
5895,GCG
25082,AGG
5900,AGA
5899,AAG
25094,AGG
5907,AGA
5906,TAG
25130,TGG
5912,TGC
5911,ATG
25154,CGG
5917,TGC
5916,ATG
25177,TGG
5921,TGC
5920,ATG
25184,TGG
5924,TGT
5923,CTG
25195,TGG
5930,AGT
5929,AAG
25241,TGG
5933,GGA
5932,TGG
25292,CGG
5953,CGT
5952,CCG
25301,CGG
5958,AGT
5957,TAG
25310,AGG
5967,AGG
5966,CAG
25313,TGG
5980,AGC
5979,AAG
25323,TGG
5991,AGG
5990,TAG
25333,TGG
5994,CGG
5993,GCG
25411,TGG
6007,TGA
6006,TTG
25430,TGG
6018,TGA
6017,TTG
25435,TGG
6021,TGT
6020,ATG
25451,CGG
6033,AGG
6032,CAG
25463,TGG
6036,GGC
6035,GGG
25485,TGG
6039,TGT
6038,CTG
25514,TGG
6044,TGT
6043,ATG
25526,TGG
6069,TGC
6068,ATG
25545,TGG
6073,AGA
6072,CAG
25587,TGG
6077,AGT
6076,AAG
25592,CGG
6088,TGT
6087,TTG
25613,CGG
6095,AGG
6094,TAG
25625,AGG
6099,TGT
6098,TTG
25638,TGG
6106,TGA
6105,CTG
25653,TGG
6139,CGA
6138,CCG
25706,AGG
6152,TGT
6151,TTG
25730,AGG
6174,AGT
6173,AAG
25738,TGG
6188,TGA
6187,CTG
25745,AGG
6191,GGA
6190,AGG
25778,AGG
6223,TGT
6222,TTG
25785,TGG
6228,AGT
6227,AAG
25817,AGG
6232,AGA
6231,AAG
25853,AGG
6237,TGT
6236,ATG
25886,TGG
6244,AGT
6243,AAG
25898,AGG
6272,AGG
6271,TAG
25905,TGG
6283,TGA
6282,TTG
25924,CGG
6291,CGG
6290,TCG
25950,TGG
6295,TGA
6294,TTG
25971,TGG
6310,CGG
6309,ACG
25985,CGG
6313,AGA
6312,GAG
25997,TGG
6328,CGT
6327,ACG
26027,TGG
6334,CGA
6333,CCG
26037,TGG
6348,CGT
6347,CCG
26049,TGG
6358,TGG
6357,TTG
26082,TGG
6370,CGC
6369,CCG
26100,TGG
6384,CGG
6383,ACG
26118,TGG
6388,AGG
6387,CAG
26125,TGG
6392,TGT
6391,ATG
26137,TGG
6399,CGT
6398,TCG
26168,AGG
6413,TGT
6412,ATG
26178,TGG
6422,AGA
6421,AAG
26193,TGG
6427,AGC
6426,TAG
26231,TGG
6436,TGG
6435,TTG
26258,AGG
6439,GGA
6438,GGG
26264,CGG
6446,TGT
6445,TTG
26282,TGG
6466,TGA
6465,ATG
26321,CGG
6470,TGG
6469,ATG
26326,CGG
6473,TGG
6472,GTG
26336,CGG
6481,TGA
6480,ATG
26350,AGG
6492,TGT
6491,CTG
26386,CGG
6502,AGA
6501,TAG
26390,AGG
6505,TGA
6504,ATG
26412,TGG
6508,TGC
6507,ATG
26438,TGG
6515,AGT
6514,TAG
26444,CGG
6520,TGC
6519,TTG
26447,TGG
6538,AGT
6537,AAG
26450,AGG
6552,TGT
6551,ATG
26462,AGG
6562,TGA
6561,TTG
26468,AGG
6565,AGC
6564,AAG
26476,CGG
6572,AGA
6571,TAG
26510,TGG
6577,AGG
6576,CAG
26662,AGG
6584,AGA
6583,TAG
26714,CGG
6587,AGA
6586,AAG
26735,AGG
6596,TGT
6595,TTG
26739,AGG
6599,GGT
6598,TGG
26777,AGG
6605,TGT
6604,TTG
26782,TGG
6619,AGG
6618,CAG
26829,TGG
6625,AGA
6624,CAG
26854,AGG
6628,AGA
6627,AAG
26860,AGG
6647,TGT
6646,TTG
26889,AGG
6654,TGA
6653,TTG
26899,TGG
6680,TGA
6679,TTG
26954,AGG
6704,AGG
6703,AAG
27019,TGG
6707,TGG
6706,GTG
27035,AGG
6720,AGA
6719,AAG
27127,TGG
6725,AGT
6724,AAG
27145,AGG
6733,AGT
6732,AAG
27187,AGG
6739,AGA
6738,TAG
27241,CGG
6745,TGT
6744,ATG
27284,TGG
6754,AGG
6753,CAG
27288,CGG
6763,TGA
6762,TTG
27316,AGG
6766,TGC
6765,ATG
27326,AGG
6805,AGG
6804,TAG
27358,AGG
6835,CGC
6834,ACG
27376,CGG
6841,AGC
6840,TAG
27456,AGG
6861,AGA
6860,CAG
27460,TGG
6865,AGG
6864,AAG
27484,AGG
6868,AGA
6867,GAG
27504,AGG
6874,CGA
6873,ACG
27523,CGG
6879,TGG
6878,ATG
27544,CGG
6890,AGA
6889,TAG
27562,AGG
6894,CGA
6893,ACG
27606,CGG
6901,AGA
6900,AAG
27619,AGG
6905,AGT
6904,AAG
27623,TGG
6908,GGC
6907,TGG
27691,AGG
6916,TGT
6915,TTG
27727,AGG
6922,TGT
6921,CTG
27734,AGG
6937,TGT
6936,TTG
27760,AGG
6943,CGA
6942,TCG
27793,TGG
6947,AGT
6946,TAG
27836,AGG
6956,AGT
6955,AAG
27855,TGG
6964,AGC
6963,AAG
27875,AGG
6970,AGG
6969,AAG
27929,TGG
6981,TGT
6980,TTG
27942,AGG
6992,AGT
6991,AAG
27960,AGG
6995,CGT
6994,TCG
27993,AGG
7000,TGA
6999,CTG
28025,AGG
7007,TGG
7006,TTG
28055,AGG
7020,CGT
7019,ACG
28060,CGG
7024,AGA
7023,CAG
28108,AGG
7027,AGT
7026,AAG
28115,AGG
7030,AGT
7029,TAG
28121,AGG
7041,TGA
7040,ATG
28151,AGG
7045,TGA
7044,ATG
28253,TGG
7048,TGG
7047,ATG
28316,AGG
7067,AGT
7066,TAG
28322,TGG
7070,GGC
7069,TGG
28334,TGG
7078,AGA
7077,AAG
28357,CGG
7086,TGG
7085,ATG
28400,AGG
7099,TGT
7098,ATG
28430,TGG
7106,AGA
7105,CAG
28468,TGG
7118,AGA
7117,AAG
28559,AGG
7123,TGA
7122,CTG
28576,TGG
7129,CGG
7128,ACG
28579,TGG
7132,TGT
7131,GTG
28592,AGG
7141,AGG
7140,AAG
28676,AGG
7147,TGA
7146,TTG
28689,AGG
7156,AGT
7155,TAG
28828,TGG
7162,CGA
7161,ACG
28898,TGG
7174,CGA
7173,CCG
28955,TGG
7179,TGC
7178,ATG
28964,TGG
7188,CGG
7187,TCG
28982,AGG
7195,CGG
7194,ACG
29018,AGG
7203,CGG
7202,TCG
29057,AGG
7210,CGG
7209,ACG
29060,TGG
7218,CGG
7217,TCG
29071,TGG
7225,CGG
7224,ACG
29087,AGG
7233,CGG
7232,ACG
29098,CGG
7241,CGA
7240,CCG
29138,AGG
7246,AGG
7245,AAG
29159,AGG
7250,CGT
7249,GCG
29175,TGG
7268,AGT
7267,TAG
29183,CGG
7279,TGA
7278,ATG
29190,TGG
7309,TGA
7308,ATG
29195,AGG
7312,TGG
7311,ATG
29207,AGG
7316,AGT
7315,AAG
29221,CGG
7323,TGT
7322,TTG
29240,CGG
7326,CGG
7325,TCG
29333,TGG
7335,CGA
7334,CCG
29359,CGG
7339,TGT
7338,CTG
29375,AGG
7360,AGA
7359,AAG
29389,AGG
7369,CGA
7368,TCG
29490,AGG
7387,AGC
7386,AAG
29503,TGG
7390,AGG
7389,CAG
29506,AGG
7395,AGC
7394,AAG
29510,CGG
7414,AGC
7413,CAG
29531,AGG
7426,AGA
7425,AAG
29539,AGG
7438,AGC
7437,AAG
29563,AGG
7442,AGA
7441,AAG
29589,AGG
7445,TGG
7444,ATG
29592,AGG
7453,AGA
7452,AAG
29602,TGG
7460,AGG
7459,TAG
29609,CGG
7464,TGG
7463,TTG
29639,AGG
7467,AGG
7466,GAG
29643,CGG
7479,AGG
7478,AAG
29690,AGG
7482,TGA
7481,GTG
29810,TGG
7486,TGA
7485,TTG
29834,AGG
7498,AGC
7497,CAG
29843,CGG
7501,TGA
7500,CTG
29849,CGG
7505,TGG
7504,ATG
29888,AGG
7515,CGG
7514,ACG
29894,TGG
7520,AGC
7519,TAG
29959,AGG
7535,AGA
7534,TAG
30037,CGG
7540,AGA
7539,CAG
30090,TGG
7552,TGG
7551,TTG
30137,AGG
7556,AGT
7555,CAG
30173,CGG
7564,TGA
7563,TTG
30206,CGG
7567,GGG
7566,AGG
30209,CGG
7597,TGG
7596,CTG
30215,CGG
7602,CGG
7601,ACG
30245,TGG
7611,TGG
7610,TTG
30255,TGG
7616,CGC
7615,ACG
30274,TGG
7620,TGA
7619,ATG
30320,TGG
7623,AGT
7622,AAG
30335,TGG
7627,CGA
7626,ACG
30403,CGG
7630,CGA
7629,ACG
30481,AGG
7634,AGT
7633,AAG
30509,AGG
7640,TGG
7639,TTG
30535,TGG
7647,AGG
7646,TAG
30547,TGG
7650,GGG
7649,GGG
30578,AGG
7659,TGA
7658,ATG
30596,AGG
7673,AGC
7672,CAG
30609,TGG
7680,AGA
7679,AAG
30617,AGG
7687,CGA
7686,ACG
30653,AGG
7691,AGC
7690,AAG
30704,TGG
7695,TGA
7694,TTG
30707,CGG
7717,TGT
7716,ATG
30728,AGG
7720,CGA
7719,TCG
30748,AGG
7726,AGG
7725,AAG
30779,AGG
7731,TGA
7730,TTG
30800,AGG
7736,TGT
7735,ATG
30812,TGG
7740,AGA
7739,GAG
30818,TGG
7745,TGT
7744,ATG
30851,CGG
7748,GGA
7747,TGG
30860,AGG
7751,AGT
7750,AAG
30914,AGG
7759,CGA
7758,ACG
30917,CGG
7770,AGT
7769,AAG
30970,CGG
7774,TGC
7773,TTG
30977,TGG
7794,CGA
7793,CCG
31052,AGG
7798,TGG
7797,ATG
31056,TGG
7804,CGA
7803,ACG
31076,TGG
7813,AGA
7812,AAG
31088,TGG
7816,CGG
7815,ACG
31124,AGG
7820,TGC
7819,TTG
31181,CGG
7826,TGT
7825,ATG
31188,TGG
7837,TGA
7836,ATG
31211,CGG
7840,GGA
7839,AGG
31218,TGG
7848,AGC
7847,AAG
31268,TGG
7857,AGC
7856,AAG
31334,AGG
7862,CGG
7861,ACG
31343,AGG
7866,AGA
7865,AAG
31347,TGG
7894,CGT
7893,ACG
31375,CGG
7902,CGT
7901,CCG
31445,TGG
7910,AGA
7909,AAG
31451,TGG
7915,TGC
7914,ATG
31454,TGG
7921,AGT
7920,CAG
31460,TGG
7935,AGC
7934,AAG
31467,TGG
7945,TGA
7944,ATG
31480,AGG
7954,AGT
7953,AAG
31486,AGG
7960,CGC
7959,ACG
31489,TGG
7972,AGC
7971,CAG
31606,AGG
7978,AGA
7977,TAG
31612,TGG
7984,CGT
7983,ACG
31720,AGG
7990,AGG
7989,AAG
31765,TGG
8005,AGA
8004,AAG
31810,AGG
8025,TGC
8024,TTG
31815,AGG
8029,AGG
8028,AAG
31827,AGG
8038,CGG
8037,ACG
31846,CGG
8044,TGG
8043,CTG
31909,TGG
8051,AGC
8050,AAG
31918,TGG
8059,AGC
8058,TAG
31972,CGG
8065,CGC
8064,ACG
32004,TGG
8071,CGC
8070,TCG
32053,AGG
8077,AGC
8076,AAG
32212,TGG
8080,AGT
8079,CAG
32230,AGG
8086,AGC
8085,AAG
32249,TGG
8092,AGG
8091,AAG
32278,CGG
8100,CGG
8099,ACG
32342,AGG
8104,TGC
8103,TTG
32385,CGG
8112,TGC
8111,ATG
32392,AGG
8124,TGT
8123,ATG
32410,TGG
8127,TGA
8126,TTG
32419,TGG
8130,TGG
8129,ATG
32431,CGG
8135,CGT
8134,TCG
32473,TGG
8143,AGC
8142,AAG
32522,TGG
8161,TGC
8160,ATG
32569,CGG
8164,AGT
8163,CAG
32576,TGG
8167,AGA
8166,TAG
32602,TGG
8176,AGA
8175,CAG
32683,CGG
8179,CGA
8178,ACG
32696,TGG
8185,AGT
8184,TAG
32718,AGG
8189,AGA
8188,CAG
32725,TGG
8193,TGC
8192,TTG
32761,AGG
8198,AGT
8197,AAG
32769,TGG
8206,TGA
8205,TTG
32785,TGG
8215,TGT
8214,TTG
32811,CGG
8221,AGA
8220,TAG
32821,AGG
8224,TGA
8223,ATG
32841,AGG
8229,TGG
8228,ATG
32853,CGG
8233,TGT
8232,GTG
32938,CGG
8236,AGA
8235,TAG
32957,TGG
8245,AGA
8244,CAG
32985,CGG
8270,AGC
8269,CAG
32998,CGG
8275,TGT
8274,TTG
33001,TGG
8278,TGA
8277,TTG
33010,TGG
8285,AGA
8284,CAG
33016,AGG
8290,AGG
8289,TAG
33066,TGG
8321,AGT
8320,TAG
33073,TGG
8329,AGA
8328,AAG
33085,AGG
8346,TGA
8345,ATG
33088,TGG
8351,TGG
8350,CTG
33099,AGG
8357,CGT
8356,ACG
33106,CGG
8369,AGA
8368,AAG
33166,CGG
8373,TGA
8372,ATG
33172,CGG
8383,TGC
8382,ATG
33175,TGG
8387,AGA
8386,GAG
33178,CGG
8392,AGT
8391,AAG
33253,AGG
8396,AGA
8395,AAG
33265,AGG
8404,CGG
8403,TCG
33271,TGG
8407,AGA
8406,GAG
33309,TGG
8410,CGA
8409,ACG
33314,TGG
8417,AGG
8416,CAG
33357,CGG
8421,AGC
8420,GAG
33372,TGG
8425,AGA
8424,GAG
33375,CGG
8428,TGC
8427,ATG
33465,CGG
8432,TGG
8431,ATG
33551,AGG
8442,AGA
8441,AAG
33561,CGG
8463,TGA
8462,TTG
33566,TGG
8467,TGT
8466,GTG
33686,AGG
8472,AGA
8471,CAG
33689,GGG
8477,TGT
8476,ATG
33751,TGG
8481,CGC
8480,ACG
33781,TGG
8486,AGA
8485,CAG
33794,TGG
8496,AGA
8495,TAG
33831,TGG
8499,TGA
8498,ATG
33848,AGG
8502,GGC
8501,AGG
33869,AGG
8507,AGG
8506,CAG
33883,AGG
8511,CGA
8510,GCG
33907,AGG
8514,TGA
8513,ATG
33910,TGG
8521,AGG
8520,TAG
33922,TGG
8525,TGT
8524,TTG
33935,CGG
8529,CGA
8528,ACG
33950,TGG
8550,TGC
8549,TTG
34015,AGG
8553,AGA
8552,CAG
34076,AGG
8557,CGT
8556,ACG
34142,TGG
8566,CGC
8565,ACG
34150,CGG
8571,CGC
8570,CCG
34159,AGG
8577,CGT
8576,TCG
34207,TGG
8580,CGA
8579,TCG
34217,AGG
8589,AGG
8588,AAG
34220,AGG
8592,AGT
8591,GAG
34239,AGG
8603,TGC
8602,ATG
34248,AGG
8606,CGA
8605,CCG
34261,TGG
8610,AGA
8609,AAG
34273,TGG
8629,CGA
8628,CCG
34278,TGG
8634,AGA
8633,AAG
34313,CGG
8637,TGG
8636,ATG
34319,TGG
8642,CGG
8641,ACG
34343,AGG
8646,AGA
8645,AAG
34354,TGG
8654,AGG
8653,AAG
34399,TGG
8663,AGT
8662,AAG
34402,TGG
8670,AGA
8669,AAG
34407,TGG
8676,CGT
8675,ACG
34424,TGG
8682,TGA
8681,ATG
34431,AGG
8685,AGT
8684,AAG
34452,CGG
8693,CGC
8692,TCG
34467,TGG
8700,AGG
8699,CAG
34500,TGG
8703,AGC
8702,GAG
34515,TGG
8713,AGC
8712,CAG
34528,AGG
8718,CGA
8717,ACG
34534,TGG
8723,AGA
8722,AAG
34555,AGG
8732,TGG
8731,ATG
34583,TGG
8736,TGA
8735,CTG
34594,CGG
8740,AGT
8739,TAG
34601,TGG
8752,CGA
8751,ACG
34617,TGG
8760,AGG
8759,AAG
34625,TGG
8763,CGC
8762,GCG
34631,CGG
8769,CGG
8768,ACG
34637,AGG
8781,TGA
8780,ATG
34642,CGG
8787,AGA
8786,AAG
34646,CGG
8793,AGG
8792,TAG
34667,AGG
8802,AGC
8801,AAG
34710,TGG
8807,CGA
8806,ACG
34728,TGG
8814,TGA
8813,TTG
34733,AGG
8822,AGA
8821,TAG
34741,CGG
8825,GGT
8824,AGG
34778,AGG
8828,GGC
8827,TGG
34871,TGG
8834,TGG
8833,ATG
34978,TGG
8841,AGA
8840,TAG
35003,AGG
8856,CGA
8855,ACG
35113,AGG
8861,CGT
8860,ACG
35121,TGG
8865,CGA
8864,TCG
35166,TGG
8868,GGC
8867,AGG
35186,TGG
8876,TGG
8875,ATG
35189,TGG
8882,CGC
8881,TCG
35246,TGG
8887,CGT
8886,TCG
35253,TGG
8893,CGC
8892,ACG
35264,AGG
8899,CGT
8898,TCG
35299,AGG
8907,AGG
8906,CAG
35316,TGG
8911,AGA
8910,TAG
35360,AGG
8916,TGT
8915,TTG
35368,CGG
8930,TGC
8929,ATG
35519,AGG
8937,AGC
8936,CAG
35590,TGG
8955,AGC
8954,AAG
35607,AGG
8967,AGG
8966,AAG
35634,TGG
8975,TGC
8974,ATG
35640,TGG
8981,AGT
8980,AAG
35671,CGG
8991,AGA
8990,TAG
35694,TGG
8995,CGC
8994,GCG
35732,AGG
9009,CGA
9008,TCG
35744,AGG
9015,AGA
9014,TAG
35780,AGG
9043,TGG
9042,ATG
35786,AGG
9047,CGA
9046,TCG
35798,CGG
9050,AGA
9049,AAG
35804,AGG
9056,AGA
9055,AAG
35818,CGG
9061,AGT
9060,AAG
35882,TGG
9068,TGG
9067,ATG
35906,TGG
9072,TGG
9071,TTG
35915,CGG
9077,AGT
9076,CAG
35933,CGG
9086,TGA
9085,CTG
35939,TGG
9092,AGC
9091,AAG
35990,AGG
9095,CGG
9094,CCG
35994,TGG
9102,CGA
9101,TCG
36019,TGG
9120,AGT
9119,CAG
36023,CGG
9126,AGA
9125,TAG
36043,AGG
9129,CGC
9128,ACG
36059,AGG
9133,TGT
9132,ATG
36087,TGG
9138,TGG
9137,ATG
36114,TGG
9144,TGT
9143,ATG
36161,CGG
9148,TGG
9147,GTG
36170,AGG
9153,AGA
9152,AAG
36186,AGG
9156,CGA
9155,ACG
36206,AGG
9171,AGA
9170,CAG
36257,TGG
9181,AGC
9180,TAG
36269,AGG
9188,AGC
9187,AAG
36278,TGG
9195,TGG
9194,ATG
36326,AGG
9201,AGA
9200,TAG
36344,AGG
9218,TGC
9217,ATG
36368,TGG
9222,AGT
9221,GAG
36397,TGG
9225,TGA
9224,TTG
36404,TGG
9228,GGA
9227,AGG
36452,AGG
9231,AGT
9230,AAG
36481,AGG
9241,TGC
9240,ATG
36497,TGG
9247,AGC
9246,CAG
36581,TGG
9251,AGC
9250,AAG
36622,TGG
9263,CGC
9262,ACG
36746,AGG
9268,CGA
9267,ACG
36755,AGG
9272,TGA
9271,TTG
36764,AGG
9279,AGG
9278,AAG
36772,CGG
9290,AGA
9289,CAG
36782,TGG
9293,AGT
9292,AAG
36791,AGG
9296,TGA
9295,TTG
36800,AGG
9304,AGT
9303,CAG
36809,AGG
9311,TGA
9310,TTG
36818,AGG
9314,TGA
9313,ATG
36827,CGG
9317,TGT
9316,ATG
36836,CGG
9320,GGA
9319,TGG
36873,TGG
9326,CGA
9325,TCG
36884,TGG
9332,AGA
9331,AAG
36922,TGG
9335,AGC
9334,AAG
36950,AGG
9340,TGG
9339,CTG
37021,CGG
9344,AGA
9343,CAG
37136,TGG
9365,AGA
9364,CAG
37165,AGG
9368,CGA
9367,ACG
37224,CGG
9377,AGA
9376,TAG
37264,CGG
9383,TGA
9382,ATG
37303,CGG
9399,AGA
9398,TAG
37314,TGG
9404,TGT
9403,ATG
37319,AGG
9410,TGT
9409,ATG
37381,AGG
9413,AGA
9412,TAG
37395,TGG
9416,GGT
9415,AGG
37399,AGG
9419,GGA
9418,TGG
37435,AGG
9427,TGA
9426,ATG
37462,TGG
9431,TGT
9430,GTG
37478,TGG
9434,CGT
9433,TCG
37530,CGG
9439,AGA
9438,AAG
37559,TGG
9446,CGG
9445,ACG
37570,TGG
9467,CGA
9466,CCG
37596,AGG
9473,TGA
9472,ATG
37621,CGG
9479,TGA
9478,ATG
37631,AGG
9484,TGA
9483,TTG
37651,AGG
9493,AGA
9492,AAG
37666,AGG
9497,CGG
9496,ACG
37675,AGG
9509,TGG
9508,CTG
37687,CGG
9514,TGG
9513,ATG
37726,AGG
9518,TGC
9517,TTG
37762,AGG
9525,AGA
9524,AAG
37825,TGG
9531,CGT
9530,ACG
37833,AGG
9534,GGT
9533,TGG
37846,TGG
9537,GGC
9536,TGG
37916,AGG
9540,TGG
9539,CTG
38018,AGG
9544,CGT
9543,GCG
38025,TGG
9547,TGT
9546,TTG
38081,AGG
9551,AGA
9550,TAG
38141,AGG
9554,AGC
9553,AAG
38146,AGG
9563,CGC
9562,ACG
38149,TGG
9572,TGG
9571,ATG
38189,TGG
9577,TGC
9576,ATG
38206,AGG
9584,AGC
9583,TAG
38227,TGG
9587,TGA
9586,CTG
38231,TGG
9596,AGA
9595,AAG
38236,TGG
9602,CGT
9601,TCG
38284,AGG
9612,AGA
9611,CAG
38291,AGG
9619,TGC
9618,ATG
38299,AGG
9624,CGA
9623,ACG
38353,TGG
9628,AGA
9627,GAG
38397,TGG
9635,AGA
9634,AAG
38425,TGG
9639,CGT
9638,ACG
38428,TGG
9647,AGC
9646,TAG
38431,CGG
9651,AGG
9650,TAG
38437,TGG
9657,CGA
9656,ACG
38488,TGG
9660,CGT
9659,ACG
38498,TGG
9665,AGA
9664,AAG
38503,CGG
9668,GGT
9667,AGG
38509,AGG
9671,TGA
9670,TTG
38513,TGG
9678,CGT
9677,ACG
38521,TGG
9682,AGA
9681,AAG
38536,TGG
9685,GGA
9684,AGG
38540,TGG
9697,TGT
9696,TTG
38600,AGG
9704,TGT
9703,ATG
38629,TGG
9723,CGT
9722,ACG
38644,AGG
9730,CGT
9729,CCG
38676,AGG
9735,TGG
9734,CTG
38713,CGG
9740,CGA
9739,TCG
38719,TGG
9743,TGT
9742,ATG
38734,TGG
9760,TGT
9759,ATG
38743,AGG
9766,AGA
9765,AAG
38749,CGG
9771,TGG
9770,ATG
38818,AGG
9774,AGT
9773,GAG
38839,CGG
9779,AGC
9778,AAG
38842,TGG
9786,TGA
9785,ATG
38884,CGG
9797,AGT
9796,CAG
38896,AGG
9803,AGA
9802,CAG
38914,TGG
9808,AGT
9807,AAG
38924,TGG
9811,AGA
9810,TAG
38937,AGG
9816,TGA
9815,ATG
38977,AGG
9820,TGA
9819,ATG
38992,TGG
9825,CGC
9824,ACG
38995,TGG
9829,AGA
9828,AAG
39073,AGG
9835,TGT
9834,ATG
39085,AGG
9840,AGC
9839,AAG
39163,AGG
9847,AGC
9846,CAG
39189,TGG
9862,CGG
9861,ACG
39194,TGG
9865,CGA
9864,GCG
39235,CGG
9871,TGA
9870,TTG
39247,TGG
9880,AGA
9879,TAG
39259,AGG
9889,TGA
9888,TTG
39262,TGG
9895,AGT
9894,AAG
39267,TGG
9900,CGG
9899,ACG
39274,TGG
9906,AGT
9905,CAG
39325,AGG
9922,AGC
9921,TAG
39370,AGG
9928,TGC
9927,TTG
39397,AGG
9934,AGG
9933,TAG
39415,CGG
9940,TGC
9939,ATG
39442,AGG
9954,TGT
9953,TTG
39478,CGG
9959,AGA
9958,TAG
39496,TGG
9966,CGT
9965,CCG
39506,TGG
9972,AGA
9971,AAG
39528,TGG
9976,TGG
9975,ATG
39553,AGG
9982,TGA
9981,ATG
39558,AGG
9985,GGA
9984,AGG
39567,AGG
9990,TGG
9989,ATG
39571,AGG
9997,AGC
9996,AAG
39592,TGG
10002,AGT
10001,AAG
39651,AGG
10009,TGT
10008,ATG
39681,TGG
10012,AGA
10011,TAG
39685,TGG
10016,AGA
10015,TAG
39745,AGG
10020,TGT
10019,GTG
39749,AGG
10024,TGA
10023,TTG
39757,CGG
10029,TGT
10028,TTG
39794,CGG
10032,GGG
10031,TGG
39871,TGG
10035,AGT
10034,GAG
39958,CGG
10040,TGA
10039,ATG
39994,AGG
10046,TGA
10045,ATG
40012,CGG
10050,AGA
10049,CAG
40019,AGG
10056,CGC
10055,ACG
40038,TGG
10060,CGT
10059,GCG
40047,AGG
10065,AGA
10064,AAG
40134,CGG
10086,CGG
10085,TCG
40185,AGG
10094,AGA
10093,AAG
40192,TGG
10103,TGT
10102,CTG
40213,TGG
10109,AGG
10108,CAG
40225,AGG
10116,CGA
10115,ACG
40244,AGG
10120,CGA
10119,GCG
40258,TGG
10124,TGG
10123,GTG
40271,AGG
10137,TGT
10136,ATG
40310,TGG
10140,AGT
10139,TAG
40338,CGG
10146,TGG
10145,ATG
40355,AGG
10149,CGC
10148,GCG
40359,TGG
10164,CGG
10163,ACG
