jj50,heler,dist,jj50_pos,heler_pos
ATAATCTCAAATCAAA,AGAATTTTAAATCAAG,4,112,18402
TTAACTTAACGCTCAC,TTACCTCAAATTTTAC,6,206,4075
ACAGGAACGAAAATAT,ACGGGAACGAGATTAT,3,220,20156
ACCACATTTAAAAGAA,ACTGTCTTTAAAGGAA,5,253,28060
ATATGCAAACACAAAA,AAATGGACACGCCAAA,5,275,14776
TTGATAAAATTGAATC,GTGATAAAGGCGAACC,5,350,36773
CGAGATGACAATATAA,CGAGAATAAAAAATGA,5,430,36257
AGCTAAAAGCATTGCT,ACCTAAAACGATTCAA,6,459,8760
AACGTTGAAAAAGTAA,GAGGTCGAAAAAGTGG,5,571,10881
GCAATGATGGTTGCTA,ACCCAGATGGTTGGTA,5,625,38236
GAAATCGAAGTCCCAG,GAAATCGATGTTAAAT,5,772,36622
ATATGATTGACGAAAA,AGATGTATTACGAAAT,5,1043,3328
AAATTTTCCTTAATCT,ACACTTTACTTAATTA,5,1085,37381
TTAACTGGATGATTTT,TTAGCAATATGATTCT,5,1145,29834
GCATACGATAACACAC,GCATATCGTACCAGAT,6,1195,10183
TCAAGAGTACAAAACA,TTATGAATATCATACA,6,1292,25778
AACAAATGATACTTTG,AAAAAATGGTATTAGG,5,1350,3051
ATACTTTGAGGGCGCA,TCATTTTAAGCGCGAT,7,1358,21963
CAGAATCAGTCAACAA,AAAAATCAATCAATAG,5,1433,7069
AGAATTTTACAATGAT,AGAATTTTAAATCAAG,5,1557,18402
CTAGAAAATCATGAGC,CTAAAAATTAATTAAA,6,1597,4599
GTGTCCCTAAGTGGTC,ATGTTGCGATGATGTC,7,1661,2048
TGGTCAGGAGTTATTG,AGTACAGAAGATTTTG,6,1672,37165
AGTACGAGCTTGCGCA,AGTACAAGCTTCTAAG,6,1691,23427
ATGGGCTTACCTATGC,AAGCGTTTAGAGATGC,6,1747,31052
TTCGTTTGTGAGTTAG,ATCGCTTGTTAGATGA,6,1891,29690
CTGAATTCGTTGACAG,TTGACTTAGGTGACAT,5,1991,36278
ACTTTAGAACCAAAAC,TCTTTAAAAATAAAAA,5,2072,68
GCTATGAAATTTTAAA,TCTATGAAAGTTGCAA,4,2126,5489
AAAGAGCAATTCGACA,TAGAAGCAATTAGAAA,5,2186,4577
AGTCCGTGATTATGTA,AATTGGAAATTATGAA,6,2476,5442
GGTGCTAAAAAATACG,TTCGCTACACAATACG,5,2534,21938
AGTATAAACGTGGGAA,AGTTTATTCGAGGGAA,4,2664,31486
TGAGTTTATGGTAGAA,TAAGTTTATTGATGAT,5,2685,15922
CTTTGATTAGTATGGC,CTTTGAAGAATATGAG,5,2910,14796
CTCAATTGGAGTCCTA,CTAGATTGAAGCCCAA,5,2948,30173
ATGGACTTTTGGCGAA,ACGGATTATCGGCAAA,5,2981,7210
TATTTGATGATAACAC,TATTGGGTTAAATCAC,5,3045,38937
ACCTGAAGAATTAGTA,ACTTGATGAAGCAGTA,4,3109,11806
CCTTTTTATATCAATG,TCCGTTTAAATCAATA,5,3137,20938
AAACTAAGCTGGAACA,AAATCAAGCAGAAAAA,5,3192,38189
ATAAAGAACATGCAAG,AGGTAGAACATGACTG,6,3293,3805
AATCGGAACTTTTGAC,AATTGGAAATTATGAA,4,3414,5442
TTGATCCAACTTGAAA,TAGAAGCAATTAGAAA,5,3518,4577
CGCAGACGAGTAGTTA,GGCGTTCAAGAACTTA,7,3566,7086
GGCGAGCAACCAATTG,GACGACCAAGATGTTG,6,3719,1077
ATCTAAGTGACCTACA,ATGAAAGAGAATTACA,5,3783,23216
CTACAAGGCAGTAGAA,GTACGAGGCGGTAAAA,4,3794,22271
AAAGTAACTAAAAATG,AAACCAACTGAATAGG,5,3858,20434
GTTCTAAGTCGTTCCA,ATTCAAAGGCGCTCAC,6,3880,8770
GCTTTGAAAGAAATTG,CATTTCAAAGAAAATA,5,4323,1939
AATGAACTTAACGCAC,AATGAACATAAATCAA,4,4537,32985
AGGAAGAAAAACCAAA,AGAAATATAAGCGAAA,5,4553,18597
CAAACAAAAACAGAGC,CGGACAAAAACAAACT,5,4873,29375
GACCTTGCTCTTGTTG,AACTTTTATTTTATTG,6,5044,15887
AAATCATTGTCTATAC,AAGTAAATGTTGATAC,5,5342,18643
CATAAGAATAAAACGG,CCTAAAAATAAATATC,6,5534,37530
ATGATAGATTATATCA,AAGAAAGGTTATAACA,4,5559,14105
AGTTAATGTATTATGG,AATAAAACTTTTATGG,5,5797,11602
TCACAAGTTACATTAC,TCCCTGATTACATTAG,5,5831,20886
ATTTCTTGGACGAAAA,AGTTTCAGAACGAACA,6,6033,17544
AACAAGATGATTTTAG,AAAAAGATGATGATAA,4,6095,16832
TAAATGACGTTATTTT,TCAATGAGATTAAATT,5,6178,34015
GTTATTTTAGGCGTTA,TTTATTTTAGAGGAGA,5,6186,10294
TCACTTAGTGATTCAA,TAACTTAGTCATGAAA,4,6233,3569
ATTTACCTTGTGGTGC,GTATCACTTATGATGC,6,6426,30596
AAATAGCGCAAGCCGA,AACAAGCGCAAGCTAA,4,6558,23405
ATACTGGGCAATTATC,TTACTGGCGACTTCTC,5,6629,25898
TAAAGCAAGTTAAAAA,ACAAGTATGTTCAAAA,5,6653,19381
AAGTGGTAGTTAATGC,GAGAGGTAGACAAGGC,5,6677,39571
AGTTAATGCAGGGACT,AGCAAGTGCATGGGAT,6,6684,11502
TCTTAGTTGAGAAAAA,TTTTATTTTGGAAAAA,4,6737,37833
AAACAACATTGAAAAA,TAAAAAAATTGAAAAG,4,6770,22742
GTAGCTGATATGGCTA,GAAGCTGATTTAGATA,4,6886,18759
ACCATGGAGTTAAAAA,AACATTCAGTTAAAGA,4,7019,11781
GTTCTACATTGCTTCA,GTTATACCTTTATTAA,5,7037,28316
GACCAAGCGCTTAAAG,GATGCAGTTATTAAAG,6,7078,12594
TTAAAGAGGATATGCT,ATAAAGCGTATATACA,5,7088,8967
TTCAGTACCTTCTTAA,TTCCGTGGAGTTTTAA,6,7169,21585
AGCGTGATAAAGTTAC,AACGTGATGAGCTTAT,5,7193,11438
GTGACTACTGCTACAA,GAGACTATTAAAACTA,6,7516,25924
ACTTTGAAAGATTCTA,ACCTAAAACGATTCAA,5,7567,8760
GTAACATCAGTGATTA,GATACAACAGTGTTTT,5,7600,40310
ACGGACAACTTGCTCC,ACGGAAAAATTGGCTC,5,7643,3923
ATGAAGATGTTACCGC,TTGAAGCTTCTAGAGC,6,7694,6577
AAAATTAAATAAGTAA,AGGATTACATCAATAA,5,7743,36059
AGTTTAAAATGATTAC,AAATTAAAACTATTTC,5,7804,12660
CTTTTCCAGCAACAAA,TTATTCCAGCAGAACA,5,7830,19595
TCGATACTGACGGTAA,TCAATACTGTCTTTAA,4,7993,28055
GATTTAATGAGCTGAA,GATTTAAAGGTGCGAA,5,8045,36755
GGGTAGATTGTAACGG,AGGTAGAACATGACTG,6,8234,3805
TTTATTAAAGAAAAAG,TTTACTAAACAACAAG,3,8329,37264
AAGAAAGATACTGTAA,CAAAAAGAAAATGAAA,5,8398,12338
AACTTTTGACTGTTTT,ATTTTTTGCGTTTTTT,5,8432,40213
GCAGAGAAAAAGAAAG,TTCAAGAAAAAGAAAA,5,8524,1835
AAAAGAAAAAGAGAAA,AAAAAGAAAAGTGAAA,3,8544,9068
AAAAGGCGTAAAAGAA,AAAAGGAGCAAACAAA,4,8557,37846
AGTAATGCAACATTTG,AGTAATGCAATCATTT,4,8589,30090
TCGAGAACTCACTTAA,GCGATAAAACAATTAA,5,8635,21065
TTAATACCGCAATGTC,TTAAAACAGCAGTTTC,4,8656,25613
CAATGTCAGGGCTTAG,AAATGGCAGCAATTTG,6,8665,16685
TTTCTACGGTTGACAA,TAGCTCCTGTTGACTT,6,8815,21423
ACAAAGGGACGTCAGC,TTAATGCGATGTCAGC,5,8827,24590
AGCTTACTAGAGACTT,AGCTTATTGGGGATAT,5,8863,11447
AGAAACACAAGCTAAC,AGAAATATAAGCGAAA,4,8888,18597
CAAGCTAACAGGCTAG,CAGGATAACGAGCGAG,5,8895,10124
GAAATAAAGCAAGTCG,GAGAAAGCGCAAGTGG,5,8916,38995
AGGGTGCTATTAGTTC,ATGTTGCGATGATGTC,6,8932,2048
GCTAAAATGGACACTA,GTAAAAAAGGAGAACA,6,8967,36818
TTAGAGAGATTGCTGT,TTAGAAACTTTGGTAC,6,9031,31451
TGCTGTAGGTGTATTC,AGGTGTAGGCGCCTAC,6,9041,19716
TTGGTAATGGCTTAAA,TTCCTAAAGACTTTAA,5,9088,31334
AATACATTGAAGTTCA,AATTCAATGAAGATGA,4,9156,4965
CAACGTTCATTGGTTT,GAAAGTTATTGGGATT,6,9268,7647
CTGGCGAACAATTAAA,CTAAAAATTAATTAAA,6,9355,4599
TTAAAAGGTGTAGTTC,CTAAAAGCAGAAGTAG,6,9366,5306
ATGTCAGCAAGTGGTA,ATATGAGCAAGAGCTA,4,9396,8794
CTAGCGCTAGTGAAAA,CTGACGATATTGATAA,5,9526,30509
GTTGAAATGCTAGATA,TTTGAAATGTACGAGA,5,9555,10552
TAATTGATAAAATGGG,TTAGTCATGAAATGGT,5,9706,3573
TTGCTAATTTGGCAAA,TTACTTACTTAGCAAA,4,9958,19700
AATTTAGTGAAAGCAA,AGTTTAAAAAAAGCAA,4,10018,28468
TAGTTGCCTTAACAGC,AAGTTGATTTAAAAGC,4,10063,27523
AAACAGCAATTCAAGC,ACCCTGCAATTGACGC,5,10144,21657
CAATTCAAGCAGGAAC,CAATTAAAGCAAAATA,5,10150,32004
TCACTCAAACCGAAAC,CTACTCATGTCGAAAA,6,10264,7726
ACCGAAACAGGTAAAA,TCTGAAATAGGTAAAA,3,10272,16672
CAGTTGACGGAGCTAA,CAGCAGACGCAGGAAA,5,10390,12379
CTAAAGGCATTTGGCA,CTAAAGGGACTTAAGA,5,10402,19002
TCAGTGGAATTGTACA,TCAGTTAAAAACTACA,5,10435,24537
TTCAAACAGCATGGGC,TTAAAACAGCAGTTTC,5,10522,25613
CATGGGCAGGAGTTAC,CTTATGTAAGTGTTAC,6,10531,34778
TTACAGGGTTCTTCAC,TTACTGGCGACTTCTC,5,10543,25898
TCTCTTCTTTAGTGAC,TCTTTATGTTAGCGAC,5,10609,38284
CATGGAGCGGCATATC,CATGGTTTGGAATACG,6,10771,10259
CAGTATTTAGCGCCAT,AAGTAGTCAGCGCGGT,5,10834,26390
TATTCAACGCTGTAAA,CATTCAAAGATTCAAC,6,10924,12466
TATGGAGTGCAGTATC,AATGGAATACAGCAGA,6,11011,22533
CTTGGGGAGCAATAAC,TTTTTGGGGCAAAAAA,6,11110,40225
CTTGGAACGCAATAAC,TTTGGCACCCTACAAA,6,11230,16170
TTAGTGATATATTCGG,TTATCGGTATTTTAGG,5,11275,25313
CAATTAACAATATCAA,TAATTATGAAAATCAC,5,11338,4626
TTGGCGGACTATTCAA,TTGGAGGATTTTAAAA,5,11383,7479
AAGGTTCTATGGTAGT,TAGGTGTTTTGGTAAT,5,11398,25745
ACACATTTAACGTGCA,GCAGTTGTGACGTGGA,6,11494,2593
GACGAGAATTTGAACT,AAATAGAAATAGAGCT,6,11554,3698
AGAATTTGAACTAGGG,AGAACGTGAAATAGCT,5,11558,9651
CAAACAGAAATTTTTC,TTACCTCAAATTTTAC,6,11870,4075
GATGTCACAAAGACAG,GATGTTCCGAGTAAAG,6,11912,18026
AGTCTAAAATTTATGG,AATAAAACTTTTATGG,5,12048,11602
ATGGAGGAACCGCACC,AAGGAGGAACAACAAA,5,12060,942
ACTATAAGTATATCAA,ACTTTAAATATTTCGA,4,12081,21462
GTGACATAGACCGTTT,GTGTTATCGGTATTTT,7,12126,25310
GTGTTTAAGACGGAAC,AAGGTTCATACGGAAC,5,12263,8044
ATGACGAAACTTATCA,ATAACGAAAGTTTTAC,5,12315,28025
ACTTATCAAGGCTGGA,TTTTATTAAAGCAAGA,6,12323,7445
CTCGTATAATTGAAAA,CTAGTTTAATTGATAC,4,12393,13233
CTAATTAATTTAAGTA,CAACTTATTATAAGGG,6,12422,26739
TTTAAAATCAAGAGAA,GTTACGTTCAAGAGAA,4,12446,25130
GTAAAAAAGAAAAAAG,GTAAAAAAGGAGAACA,4,12551,36818
GGCCTTCCAATACCAA,GGCGTTCAAGAACTTA,6,12568,7086
ATGAACTGTGGGAAAC,TTGAAAGGAGAGAAAA,6,12608,5843
CAATTGAAGAAGCTCT,AACTTGATGAAGCAGT,5,12710,11805
AGTATCTTTGCTGGAA,AGTTTATTCGAGGGAA,5,12940,31486
TCATGATGTAGCAAAA,TCAAGGTGTAGTAGAT,5,12993,25638
AAAAGGATATTTTCCA,ATTAGGAGACTTTACA,5,13006,28689
AAAAAGAATCACGACA,ACAAAGAAGTACATCA,5,13122,13390
AGACTTGCCAGATGTA,AGATTGGTCAGATATT,5,13323,24965
GAGTTGTCTACTATTA,GAGTTGTCTCAAATGT,5,13390,26258
CTCTACAATCGTCACA,TTCTATGAAAGTTGCA,7,13422,5488
GTAGATATTTGGTACG,GAAACTATTGAGTACG,5,13489,3786
AGGGCAAGCTATATTC,CGCCCAAGCTATTTAT,6,13505,18435
GAATAGATAGCTTTAA,GAATGACGAGTTTTAA,5,13635,12729
ACTTAGAACTATTGCA,AATCATTAATATTGCA,5,13677,8029
CGCTCTTGTATGAAGT,CGGTATTGTTCGACGG,6,13740,33001
AAAATAATTTCAAGAA,AAATTAATTAAAAGGA,4,13853,4603
GGACTATAGAACAATT,GAAGTATCAAAAAAGT,6,13976,21014
AAACTGTTGCCTTAAA,AAAGTATTGTATCAAA,5,14092,30535
ATATTGTTACGACTTC,ATGTTGCGATGATGTC,6,14248,2048
TGATTTAGTAATTGTT,TTATTAAATAACTATT,5,14426,39681
TGTCAAATATACAAAA,TGTCAGGTACAGAAAA,4,14458,2060
AAACTGTGATTGACGT,CAACGGTTACTGACGA,5,14887,4004
GTTTATTGTACTTTGT,ATTTATTGAACGCTGC,5,14905,24776
GAAGAAGAACAAACGG,GAAGATGAAGAAACGT,3,15015,18313
AACGACGGAAGATTGC,AAAATCGGAAGGTTTC,5,15197,14717
GAAGTATGCCAATCAG,TAATTATGAAAATCAC,5,15284,4626
ACTGTGAAGCTACATC,ACTTTAAAGGTATTGC,6,15395,31343
TAAACAAGCGCCTTAC,TTAACAAAATACTTAA,6,15501,35780
ACAAATACAGAATTAG,CTAAAAGCAGAAGTAG,5,15557,5306
AAAACTTCGATTGGAA,AAACCTCTAATTGCAG,6,15720,19870
AAAAATAATACGAAAA,TAAAATTATACCAGAA,4,15798,6865
GCGATTCTGTCAACTT,GCGATTTCATCAGCTT,4,15926,26413
TTTAGAACCAAGCTCA,TTGGCAATAAAGCTAA,6,16500,38644
CTAGATAATTATTAAA,CTAAAAATTAATTAAA,4,16523,4599
AAAACATAGTAAGATA,CAAAGATTGAAAAATA,5,16801,38353
TGATTTAGTTATTCTT,TCATACCGTCATTCTT,5,16850,6358
TAGTTATTCTTAGGTT,GAGTTATATAAAGCTT,6,16855,1876
TACTTGGTTTCTATCT,AACCGGTTTTATATCC,6,17240,27619
CCAGCAGTTCAATTAC,ACAACACTTCAACTAG,5,17263,19940
GTTCTTCTTCCGTCAT,TTATATCATTCGTCAT,6,17365,3617
ATCCTCCTAAGTATTT,TTGTTAACAAGTTTTT,7,17999,2501
TGAGAATACTCCTAAA,TGAGAAAAGAAGTAAA,5,18096,24158
CCCCAACTTCCACAAT,CTCCAACATACACGCC,6,18127,19544
TTCTTTTTTCTTCATC,TTGATTATTCACCAAC,6,18418,2983
TAAGTACCAGCAACTT,TTAGTACCTGCAATAA,5,18613,24340
GTATTAATTTACCAGC,GTGCTAATTAACCTGA,5,18980,17521
GCAGGAGTTTCTTGAA,AAAAGAGTTTCTTAAA,4,18994,19824
AAGCGTCAACTCCTTC,AGGCTTCAACACCATC,4,19296,15672
GTTCGCCAAACAAGCT,CGCAGACATACAAGCT,6,19383,13526
CAACTTTCTACTAGAA,CAACATTATACACGAA,4,19973,1758
CCGAATTAACTTCAAT,AGGAGTTAACTCGTAT,6,20000,17877
ATACTTTTTCAACCGT,ATACTTTCACATCATT,5,20081,38488
CTAATTGAATGAAGTC,TGAATAGAATGACGTT,5,20174,14900
GTTCTTCTGTCAAGTC,GGTTTTATATCCAGGC,6,20507,27623
TTCTGTCAAGTCAGGT,TTATTACAGGTCATGA,6,20511,4292
TAGCTCCGTCCATTAC,TTGCTACATTAATTAT,6,20690,39651
TCTCGTAAGTAGCAGT,AAGCGTTAGTGGCATT,6,20825,25184
TGGCTTTTAAGCTCTA,GGGGTTACGAGCACTA,6,20994,15834
AGCTTACAGCGACAAA,ATGATAGTGCGACAAA,5,21141,32053
TATTATATTTAAGCAT,AATTATATTTTAGATA,5,21603,27691
ATATTTAAGCATAGGC,ATACAAAAGTATATGC,5,21607,37462
CATATAAGCACTCGTT,TATATGAGCAAGAGCT,6,21669,8793
CTCGTCTGTTATCATC,CTTGTAAATTATTTTC,6,21898,6619
TATAAAACTTAAATTT,AATAAAACTTTTATGG,5,22200,11602
GTTTATTTCATCTTCA,GTATATATTATGATGA,6,22363,13718
CATAACTATATAAAAC,CATAGCTTTCCAAAAT,5,22785,24879
TCATTTACTTTTTCAT,TCATTGGTGTATTCAT,5,22856,25526
CTATTAGTTCGCTATC,TTATTAAATAACTATT,6,22997,39681
TCTTACTATTAATTTT,TCATACCGTCATTCTT,6,23132,6358
TTAGGCGACATAGTAA,TTAAGTCACGTTGTAG,6,23146,15492
ATCTAAAGTATTTCTA,ATTTAACGTATTTAAA,4,23310,29810
GCTAGTAATTCCTCTT,GAAAGTTATTGGGATT,7,23328,7647
CTAACAAGTCTTTAAG,CTAAAAATTAATTAAA,5,23390,4599
AGAAATATAAGTTATC,AGAAATATAAGCGAAA,4,23534,18597
GACCAAGTGAACCTTT,GACCAGAAACACTTTT,6,23732,7552
ACTTACTTTATCAAAT,ACTAACTTTATTTTAG,5,23820,10288
TCAGCAATTTCTTTCA,TCAATACTGTCTTTAA,5,23902,28055
AACAAAATTCTTGTTT,AATAAAACTTTTATGG,6,24518,11602
ACCATACTTTACAAAC,AACACGCTGTACAAAC,4,24879,22371
AAAACAAAAGCCACTA,AAAGCAGTGGCCAATT,6,24950,5136
ATATCTTACATAACAT,CTAACTTACCTAAGAT,4,25400,24953
ATACAGAAGTTAAGAG,GCTCAGATGTTAAAAG,5,25455,14021
ACAGCTTTAATTTTTA,AAAGATTTTATGTTTG,5,25583,11219
TAGTCGGTTCAATTGC,TATTGGGTTAAATCAC,5,25821,38937
ATCACGTTCAAGTCTA,GTTACGTTCAAGAGAA,5,25952,25130
GGTATCATCTAATTAA,GCTATCCTTGAATTGA,5,26070,461
CTCTATGTAGAAAGTC,CTCTATATTTAACGGC,5,26195,6388
GCATTTTATATGGTGT,GAATTTGATGACGTGT,5,26255,16202
TCGGTTACCAACTTTA,TTGGATACTCATTTTA,5,26275,23608
TTTGAATTAAAAGAAC,ATTGATAAAAAAGAAC,4,26379,9498
TTGACAGCCTAAGCGG,CTAACAACTTAAGCGT,5,26431,38629
CTAAGCGGAGGGTGCA,CTAAAATGGCGGTTAA,7,26439,23996
CATAAGTTATAGTTCT,CAAAAGTAACAGGTAA,6,26607,2471
TATCACGTTATAGCTT,TGTGACGTGGAAGGTT,6,26650,2598
AAGAGCAGTTCTGTTT,AATGGCAGTTGTGACG,6,26670,2589
TGTATTAAAGTGTCAC,TGCATTAAAGCGTAAA,4,26831,17418
GCTGGTTAGAGTAATA,GATGTTCCGAGTAAAG,6,26872,18026
TGTACTAACGTGGTGT,TGGAAAGATGGGGAGT,7,26891,10693
CCAGCTACTGATAGTT,CCAGCAGATGGAAATT,6,26956,24065
TAGGAATAACAAGATG,CAGAACGAACAAGGTT,6,26971,17549
CTACTGCTATAAGATA,CTTGTACTAGATGATA,5,27040,8229
TTGCTATTAAGTTATA,TTGTTAACAAGTTTTT,5,27184,2501
AAGGATAGATATATAA,AAGAAAAGTTTTATAA,4,27199,4674
TTCTTGGTATGTTGAT,TTCATGGTAAGCCTAT,5,27253,39259
TGATAGGTTTTGCAAT,AATTAGCATTTGCAAT,5,27265,9934
ATTAATCGCTATGTTA,ATTAAACGCAAGGGTG,5,27427,2350
GAAATTTTCAGCACAA,TAAAATTATACCAGAA,6,27446,6865
TCAAAAGGAAATTATA,CAAAAAGAAAATGAAA,5,123,12338
CTATATGCTCATATTT,CTATCGTCGAATATTA,6,142,8589
TGCAAACACAAAAAGG,TTTATCCACATAAAGG,5,278,6707
TAAAACTTTTAGAAAG,TAAAAAAATTGAAAAG,5,411,22742
CTTGATAAAGATAGCT,CTCTATCAACATAGCT,4,604,390
AGCTTGGTAGCAATGA,CGTTTGCTAAAAATAA,6,616,35990
TGATGGTTGCTAAGGC,CAACGGTTACTGACGA,7,629,4004
TTATAACCCTACTGAA,TGATTACCATGCTTAA,5,660,34239
TATTTAAATAAAATGT,TATTTGAAAATGATGA,5,808,4779
TACGCAAGCTATTGAA,CGCCCAAGCTATTTAT,5,930,18435
ACTTCTACCTGACTAC,AAGTCGTCCTGACAAT,6,959,7007
ACTTCCGACACAGCGT,ACTTAGCAAAAGGTGT,7,999,19706
TCCGACACAGCGTTGG,TCTGAAACGACGTTAA,6,1002,35299
GGTATGAGTTAATGCT,GATAAAAGTTGATGAG,6,1019,5812
TCCTTAATCTAGGACG,TTCTCAATTTAGAGCA,6,1091,25068
ATCTAGGACGTGGTTC,CTTCTGGGCGTGCTTC,6,1097,34273
GGTAAGTCAAGTTTAA,ATTTAGGCAAGTATCA,6,1114,35744
TACGCGCGTGCTTAAC,TACGCGAAGGGCAAAA,7,1134,18906
TTTTAGGCGGACAATA,TTTTTGGGGCAAAAAA,5,1157,40225
CTTTGAGGGCGCAAGG,TTTTTACGACTAAAGG,6,1361,29592
ATGAAGTTCATACTTA,ATGAAACTTAAACTTA,4,1403,17323
TCAAAAACAAGATAAC,TTTAAATGTAGATAAC,5,1458,39745
GTATTTACATCACTTC,GAATGAACATGAATTA,6,1481,13195
GCGGACTTAAACGAGA,AAATACTTAAAGGAAA,6,1499,35786
CAAAGATAAGAAGAAT,TAAAGTCAAGAAGTAT,4,1617,20838
AAGAAGAATTGGACTA,AAGAAGATTTTGAAAC,5,1624,16454
TGGCTTTACCTCTTAT,TACCTTTACCTAAAAT,5,1640,6805
TGGCAGTGTCCCTAAG,AGGCAACGACGTAAAG,7,1656,9667
TTCTTAGCGTTTAATA,TTTTTTGCGTTTTTTT,5,1732,40214
TTGACCTATCCTTAAT,ATGACTTATCGTGAGT,5,1853,18578
TCTCAATATGAGCAAC,TCTTTATGTTAGCGAC,5,1948,38284
AGAACAACAAGAGTTA,ATATGAGCAAGAGCTA,5,1971,8794
ATTTCTTTGACAAAGA,ATTACTGTTACAAAGA,3,2159,20508
CCAAAAAGTCATGCAG,CCAATAGGTAAAGAAG,5,2271,29098
TTAAAATCGGACAAAG,ATTCCATCGGCCAAAG,5,2309,30860
ACTGTTGCTTTGACAA,GCAGATTATTTGAAAA,6,2374,40244
ACAATGGCTTTAGAAA,ACAAAAGCTTTACCAT,5,2386,5991
ACACAGTTCGAGAAAG,ATAGAGGTCGAAAAAG,4,2430,10878
AGTTCGAGAAAGTGGT,AGAAAGCGCAAGTGGT,5,2434,38996
GTACAATAAAAAAGAA,GAACGATAAAAGAAAG,5,2452,6907
AATAAAAAAGAATGGT,AAGAAAATAGAAGAGT,4,2456,21350
TGACTTGCGTAAGATG,TGAAATGTGAGAGATG,5,2508,7747
TATTGTAGAACTAACG,AGTTTCAGAACGAACA,6,2560,17544
GGAAAACCTTGATGAT,GATAAAAGTTGATGAG,5,2578,5812
CAAGCGAGTATAAACG,GAAGCGAGTATCAATA,4,2658,3735
GAAAGGTGTGAGTTTA,GAAAAGTAAGAGTAAT,6,2677,8404
AACTTATTCGGAAAAG,AGCTTATTGGGGATAT,5,2714,11447
TGGTATCATTTTCACG,AGGTATCTACTTCACA,5,2730,36186
TCAAAGAGTTACAGCG,ACAAAGAAGTACATCA,5,2767,13390
ATAAAAAATCTGATGT,AAGATAAAGATGATGA,6,2883,4319
GATACTTTGATTAGTA,GATGCTTTCACTAAAA,5,2906,29959
AGATGAAGTCCTCAAT,AGATGTATTACGAAAT,5,2938,3328
GGCGAACGCAATAGCA,GAAGAAAGCAAGTGCA,5,2966,11496
CAATAGCATGGACTTT,AAATATAAGGGAGTGT,6,2974,12626
AGTATTCAAACTAAGC,AGTATTTAAGACATGC,5,3185,38818
AACAAGGTAAATTGCG,CACAAGGTATTATGAG,5,3204,18147
AGGGTTCGAGTTACAA,AGAGTTAAATTTGGAA,6,3309,11575
ATGAAAATATTTTGCT,AAGAAAAGTTTGTGCT,4,3444,14594
ACCATGAAAATATTAA,GCGATAAAACAATTAA,5,3663,21065
CAACTTCTTGTTAAAA,AAACATGTTGTTAAGT,5,3701,23959
AGCAACCAATTGAGGG,ACCCTGCAATTGACGC,6,3723,21657
AGTCGTTCCAAGGCAT,TTGCGTTCCAAGCCAT,4,3886,25817
GCATTGGTTCAGAAGT,GAGTTGTCTCAAATGT,6,3898,26258
TATATGAACACGGAGC,TAAGTGGACACGGTGG,5,3988,26450
GATCTAGTGAAGTCAT,GATCTATTGTGTTAAT,5,4006,15852
AACATTAACAAAGCTG,GACTTCCAAGAAGCTG,6,4098,30748
ACAAAGCTGTGGAAAA,ACAAGTATGTTCAAAA,5,4105,19381
TTTATTCAAAATGCAT,TCTATAAATAATGAAT,5,4257,28828
GAAAAACAGAACCGCT,GAAAAGGAGCAATGCC,6,4378,22899
TAAAATCTCAAATTAG,AGAAATGTAAATGTAG,6,4424,9415
CCAAAAGTACAAGAAT,CCAAATGTTCAAGAAA,3,4474,9771
TATTGAAAAAGAACTC,TTATTAAAAATAACTT,5,4631,39073
AGAAATTAAAAACGCT,AGAACGTGAAATAGCT,5,4656,9651
CAAAACTTGCTGAAAA,AAAAAAGAGCTGAAAA,4,4679,7129
TCCACGTTACAAATGT,TACACTTTTTAAAAAT,6,4793,14706
ACTCTCGAACCTGTAA,TTTATTGAACAAGTAA,6,4912,9900
CAAAAGCCAAATCAGC,CAAAAAGAAAATGAAA,6,5132,12338
TTGTTCGCCCTACTGC,TCGATATCTTTATTGC,7,5192,13294
AAATTGCTTCAGAAGT,TAATTGCTACAGACTT,4,5315,26510
CTCAAACCTACTGTAT,CTTAAACCAACTGAAT,3,5371,20431
AGTTGACGCATTTGAA,AGTTGAATTCTTTGAA,4,5430,11981
AATAGCAACATGATTT,ACGAGCAACATGCGAT,5,5455,5751
TTGAAACTTACAACGC,TTGAAGCTTCTAGAGC,5,5498,6577
ATATCAAGGTCTATTG,ACAGCATGGTCAATTG,4,5569,3164
AATTGCTAGAAAAAAA,AATTGATAAAAAAGAA,3,5650,9497
TGAACCAGCAGAACAA,AGAATCAACAGCAAAA,5,5741,37559
GCTGAAATGAAACGTC,ACTTAAATAAAAAAGC,6,5766,7390
AAGAGTTAATGTATTA,AAGATTTAGCGTTTTA,4,5794,5166
ATGAGTTTTCTATGAT,ATGAGGATTCTGAAAT,5,5949,16664
TTTCTATGATTGGACT,GTATTATGAGTGGAGA,6,5955,18153
AACGGAATCGGAGAAA,TACGAATTAGACGAAA,6,5996,17596
ATTTTCAACTATTTCT,TTTCACAAGTATTTCT,4,6023,25485
TTTCAAGCGGACAACA,ATTAAACCTTACAAAA,6,6058,5009
AGGGGGTAGTAAGCAA,AGCTAAGAGTAATCAA,6,6111,12509
TGATTCTTATATAGAT,TTATGATAATATGGAT,5,6134,16126
TCAAAGGTCATTAAAA,AAAAAGGGCAGAAAAA,5,6245,80
AATACGAGCTTTGTCA,ATTAGGAGACTTTACA,6,6266,28689
TGTTTTGCAAAACGGT,CTTTTTAAAAATCGGA,6,6352,14710
TTGGAACATGACAAAC,ATCTAACATGATACAC,5,6367,805
ATTTGTACAATTATAC,TGTGGGACGAATATAC,6,6399,10926
CTGTCTATTTACCTTG,CTCTATATTTAACGGC,6,6420,6388
TACCTTGTGGTGCAGG,TACATTTAGACGCAGC,6,6429,38977
TGCAGGTGGTCAAGCA,TTCAAGTGGTTCAGAC,6,6439,15372
AAAGTAACAGAACGCA,GAAGTAACCAAAGACA,5,6505,10519
AGAACGCATGGGCGAT,AGCACTAATGGGTGAT,4,6513,20226
GATTAATCAGAAGTCA,GATGCATCTAAATTCG,6,6581,28108
CTAGATATCAAAATAC,CACGCTTTCGTAATAC,6,6617,8907
AAAAAAGGCGATAAAG,AAAAAAGGGCAGAAAA,4,6664,79
GGGCTAATTACACTAG,GTGCTAATTAACCTGA,5,6701,17521
ACACTAGTGGTTATCA,GCAGTAGGGATTATGA,5,6710,11816
TTCACGTGAGATTTTC,TTCACGTGATCCGTAC,5,6849,9735
CTTATCGTAGCTGATA,CTTGTACTAGATGATA,4,6880,8229
TGGCTAAGGGAAGTAG,CGACTAAAGGTAAGAG,6,6896,14663
ATGTTAAAATTGTAAC,CGGTTAAAATTTGGAC,5,6932,37319
CTGGTTTAGTATCAGT,GCGTTTTAGGTTTAGT,6,6947,24392
GTATCAGTTGGTTCAA,ATATCAGTTGTTACAA,3,6955,39
ATGATGTACCAGACCA,ATGATATTGAAGCACA,6,7007,16301
TTGCTTCAAGGAGAAA,TTATTACAAATACAAA,6,7045,11907
AACAACGTACATCAAA,TACAAGATACCTAAAA,5,7109,36481
CGTACATCAAATGGCT,AGAACGTGAAATAGCT,5,7114,9651
ATCAAATGGCTTGGGT,ATCAAGTGGGTGTGTT,5,7119,18412
GTCTCCTACGGGTAAC,GTCGAATATTGGTAAG,6,7137,34431
AGAATTTGTTGACGGT,AGCATATATTGACGCA,5,7212,14640
GTTGACGGTTGGCGAG,GTTGACTGATGACTAT,5,7219,17902
TGTAGACCCTATTCAA,TTTAGATGCTATCCAG,5,7305,34076
CCTATTCAATGGACTT,CATAAAAAATGGTATT,6,7312,3048
CAGATATTTATTTGAA,CATATATTGATACGAA,4,7349,16721
TATTGAGTACGAAATT,TATTGGCGAAAAAATA,6,7386,27942
GACTTCGCAAACAAAA,AGCTGAACAATCAAAA,6,7420,14763
CTGATACAGTTCTAGC,CTGAAATAGTACGAGG,5,7463,22263
TGAAAGATTCTAAGGG,TTGAAGCTTCTAGAGC,6,7571,6577
TGATTAAGGACGCACA,AGTTTCAGAACGAACA,5,7610,17544
GAATATATACACAAAA,CATTCTTTACACAAAA,4,7761,31846
CAGCAACAAAAGGCAA,CAAAAAGAAAATGAAA,5,7836,12338
GAAATTACTGATGTAA,TAACTTAGTCATGAAA,5,7881,3569
TGGAGTTCGTTCAATA,ACAAGTATGTTCAAAA,6,7897,19381
CAATATGGTCTATACT,CAAAATGGACAATAAA,5,7908,37570
AGAACTTGTCGAACTG,AGTGATTTAAAAACTG,7,8018,6190
GATACTTAGAACTAAC,AATCGTTAGCACTAAT,5,8093,20219
AAAATTCTTTTGTCGC,AAGCATATATTGACGC,6,8153,14639
GACTTTACAGAGCAAA,GACGATAGAGAGAGAA,5,8185,16363
CAAGTTGTTGATACTT,CAAGTTTTAGGTGTTT,5,8217,25738
GAAACGGAAGACGATA,GGCACGGAAGATATTA,5,8347,8654
AAGGAAAATAAAACTT,GAGTTATATAAAGCTT,5,8413,1876
GATATAACACAGTTCA,GCGATAAAACAATTAA,5,8464,21065
ACACAGTTCATGGAAA,AAATACTTAAAGGAAA,5,8470,35786
AAGAAAGGGTATATAA,AAGAAAAGTTTTATAA,3,8568,4674
ACAAATACCGGGAAAA,ACTTATACCGAGAAGA,4,8724,8637
AACTTACAAACGCAGT,AACTTGATGAAGCAGT,5,8757,11805
AGCAGGTCAAAAGAAA,CGCTGAGAAAAATAAA,6,8840,3882
TATTAGTTCAGGCTCT,TATTAATTTAGGATTG,5,8939,40192
AACATTGAAGCTAAAA,ATCATTAAAAGTTAAA,5,8958,22519
TGAAGTCACGCTTTAG,TTAAGTCACGTTGTAG,3,9010,15492
GTGCTGTTAGTGCTGT,GTAAAGTAAGTGGTAT,6,9073,15396
TTAGTGCTGTTGGTAA,TAAGTGCTAAAGCTAA,5,9079,6970
TAATGGCTTAAAAGGT,GAATGGTTTAATACAT,5,9092,11994
TGGGTATCTGACGCAA,TACGAATTAGACGAAA,6,9108,17596
TGAAGTTCAAGGGAAA,AGAAATATAAGCGAAA,5,9163,18597
TTTCAACAACGTTCAT,ATACAAAAACGTTTTA,6,9262,29240
GTGCTAAAACAGCAGT,GTGATATTACGGAAGT,5,9292,30977
AAGCTAACCAAGCATT,AAGCTAACCCTAAAAT,5,9331,28559
CTAACCAAGCATTTGG,TTGCCTAAGCATATTG,6,9334,16324
AAGCATTTGGTGGTAC,AAGAATTTGATGATAA,4,9340,4433
GTCAAATGTCAGCAAG,GTCGAATATTGGTAAG,5,9391,34431
ATAACAATACAGCTCT,ATAACGTTACAGGCGC,6,9445,26860
CTTAAATCAACTGTTA,CTTAAACCAACTGAAT,4,9471,20431
CGGCTTTGAAACAATA,AGGCTTCAACACCATC,6,9499,15672
CAATGCAAAAACTCGG,AAATGTGAAATCTATG,6,9574,7839
AAAAACTCGGTGGTGC,GAATACACGATGTTGT,6,9580,10947
AACTCGGTGGTGCTGG,AACTTGATGAAGCAGT,6,9583,11805
TCGGTGGTGCTGGTGG,TAGGTGGTGGCGTTTT,6,9586,24383
GTGCTGTAACGACTAT,GTTGACTGATGACTAT,6,9604,17902
GACTATTGGGGATGCT,TACGAATGGTGATGTT,5,9614,16731
GCTTTGTTACCTACTT,TAATTGCTACAGACTT,6,9660,26510
TCTATAATTGATAAAA,TCTGAAATAGGTAAAA,4,9702,16672
TGATAAAATGGGAGGT,TGGAAAGATGGGGAGT,5,9710,10693
GTTGGGGCGAAAGTGC,TGTGGGACGAATATAC,6,9724,10926
GTATGTCAAAGAACTA,GCATTTCAAAGAAAAT,5,9767,1938
GAGCATTAGAAAAAAA,AAGCTGAAGAAAATAA,5,9787,5073
TTCTTTGTCTAAAATT,TGCTATAACTAAAATG,5,9815,27855
TAATAGAATCATTTGC,TCAAAGAATACTTTGC,4,9883,15807
GTATAGATTTAAAAAC,GTTTACATTCAATGAC,5,9901,29639
AAACTGGCGAAAGTGC,AAGCTGAAGAAAATAA,6,9913,5073
GAAAGTGCTGGTTCTG,AATAGTGTTGATGATG,6,9921,16651
AAAACTATTGCTAATT,ATTAATATTTCTAAAT,5,9951,3009
TTGTAGCTTTTAAAAT,TTGAAGCTTCTAGAGC,5,10084,6577
CTTTTAAAATTGGTTC,CTTGTAAATTATTTTC,5,10090,6619
GCAGGAACAGGAGTAA,GAATGAACATGAATTA,5,10158,13195
GCTTTCAATGCTGTTA,ACTTTTCGGACTGTTA,6,10179,18887
GCTATAAATCCATTCG,GCGATAAAACAATTAA,5,10197,21065
ATCCATTCGTGGCTCT,ATTCCGTCGTTGCTAC,6,10204,5238
TCGCAGCCATTGTTGC,ACCCTGCAATTGACGC,6,10231,21657
AACAGGTAAAAAGGCT,AGAACGTGAAATAGCT,6,10277,9651
CTTCTTAAAGAGTGCA,CTTTTTAAAAATCGGA,5,10310,14710
CATTCTTTAGCGGTAT,ATTTATTCAGCTGTAT,5,10342,30274
TAGCGGTATTGGTCAA,CAACGGTATTGTTCGA,4,10349,32998
ATGGTTTGCTGATATA,ATGATTTTATGAAAGA,5,10364,20736
CGGAGCTAAAGGCATT,AAGCGTTAGTGGCATT,6,10397,25184
GCAAGGCTTAGTCGAT,TCAAGGTGTAGTAGAT,4,10415,25638
TAGTCGATTGGTTCAG,TAGTGAAGTGGTGGAG,5,10423,34407
AGGTGTTCAAAATATT,ATGGAATCAAGATTTT,6,10451,7460
ATTCTTTACTACTTTA,ACACTTTACTTAATTA,5,10484,37381
GGACAACTGTTGTTAC,GAAGAAAGGTTATAAC,6,10501,14104
TGGTATTCAAACAGCA,CCAAATTGAAAAAGCA,6,10517,2103
GTTCTTCACAGGGCTA,GGACTTGATAGCGCAA,6,10550,18275
GACAGGTGCTTATAAT,GCAAAGCGCTTTTAAT,5,10622,30800
TTTATAAATCTATATT,TTGATAAGTCTACTAT,5,10672,27929
CTATATTTGGGTTAGT,CTATATTACAAGTATT,6,10681,25706
GCATTCCAACTTATAT,GCATTTCAAAGAAAAT,5,10716,1938
ATTAGTTATCGGAGCA,TAGAGTTATTGAAGAA,6,10757,14094
GCATATCAGGTTTCTT,GCGTTTTAGGTTTAGT,5,10780,24392
CCATAGGTAGCTTTGC,TCAAAGAATACTTTGC,6,10846,15807
CTTTGCTGGTTCAGCT,CTTTGCTGGTGTCGAC,5,10856,15817
TCAGCTTGGAATGTAC,TCATCTGGATTTGTAC,5,10866,34594
CTTGGAATGTACTGGT,TTTGAAATGTACGAGA,5,10870,10552
TGTACTGGTTGGCGTA,CTGACATGTTGGCGTT,6,10877,12076
TATGGAATGCAGTAGC,AATGGAATACAGCAGA,4,10891,22533
CAGTAGCTGGCTTCTT,CAGTAGTTGCAGTCAT,5,10900,25514
TAGCTGGCTTCTTTGG,TAGCTGACTTACAAGA,6,10903,22218
TTTTGCTTCTAGCGCT,TATTGATTCCAGCAGA,6,10976,24057
AGTAGTTTCATCAATA,AGTGGTTACGTCAAAA,4,10997,2324
TATCAGGCTTCTTTAG,TATGAGGGTTATTTAT,4,11023,32853
TTAGTAGTGTTGTTAG,TCAATATCGTTGATAG,5,11056,36581
GAGTGTTCAGCGCTCT,AAGTAGTCAGCGCGGT,5,11074,26390
TGTTCAGCGCTCTTGG,TCATCACATTTATTGG,7,11077,11327
CTTTGCTTCAAACGCT,CGTTGCCGAAACCACA,7,11096,13941
GAGTATTCGAAGCTTT,AAGCAGTCAAAGCTAA,6,11194,8092
TTTTGCTTCTAATGCT,GGTTAATTCTAATAGT,6,11216,34728
GAGTGTTTAACGGTAT,TTGTGTTACGCGGTAT,5,11248,17096
ACGATAGACAGCGTTC,ACGGAGCAAAGCGTAC,6,11304,15147
CAAAGGTTCAATTGAT,CAAAGGTTATATAGTT,4,11351,12993
GGGTTGCAAGTAAAGT,GTATTGCGAATCAAGT,5,11368,12100
CTATTCAAAGGTTCTA,ATTTTAAAAGGTCATA,5,11391,3399
ACGTGCAAGGCGGTGC,ACGTTGAATACGGTAC,5,11503,21525
ACTAGGGAGGGCTTAA,AAAACGGTGTGTTTAA,6,11567,7141
AACAGACGACAAAGTT,ATTAGAAAATAAAGTG,6,11620,19509
TTTGGGACGTTACAAA,TTTGGCACCCTACAAA,3,11634,16170
TACCAGCCCTCTAATT,TAACAGGCAGGTACTT,6,11666,39757
ATCAACTAATAACATC,ATTCAATAAATACAAC,6,11692,17851
ACATCTGGCAAAGTAA,AAATGTGGCAAATTGA,4,11703,36884
GGCAAAGTAATGGTAT,GGCAATGTTATTTTAT,4,11709,19561
AATGGTATTGGAGTAA,CAGGGTATTCGACTAA,4,11717,14654
TTAAACTAGAAACGTT,TTTAACTAGAATAACT,5,11769,25431
CGATATAATTACAAAG,TGCTATAACTAAAATG,5,11971,27855
TTGACATGATTAAAAA,TAGAAATCTTTAAAAA,4,12012,28151
ATGGTAAAGTTCTTTC,CTTGTAAATTATTTTC,5,12027,6619
GTAAGTCTAAAATTTA,CTAATTCAAGAATTAC,6,12045,39442
CTTCTTACACTTATTA,TCAATCACACTTATTG,6,12102,12809
AGACCGTTTAGGCCGT,AAAGCGTTTTAGCGCT,6,12133,1902
GAAATATTTAGTTTTA,AAAATATTCATGTTAA,5,12164,3361
TTCCTAAAACACCTGC,TTACTAAAAGAGATTG,6,12201,11702
GATTTTTAGACGATAT,TATTTTTAAAAGATAT,3,12225,34500
CGAAACTTATCAAGGC,AGAAACTTATTTACGA,5,12319,37435
AACTTATTCCCTGTAA,AACTTTATCCACATAA,5,12356,6704
ATTGAAAAAGGTCAAA,ATTTTAAAAGGTCATA,3,12401,3399
ATTTCAGCATGCCTAA,ATTACAGATATCCTAA,5,12533,34556
TATTAATTATGAACTG,TATTAATTTAGGATTG,4,12600,40192
CCGTTTCGGTAGAAGT,CCCTTTCTGAAGAAAT,4,12656,768
AAACTGAATTTAGATA,AATTATATTTTAGATA,5,12739,27691
GTTAAAAAACTACTTT,TTTCGCAAACTAATTT,5,12798,37651
CTAAAACGACAAACTT,ATAAAACGAAAAACGG,4,12854,3303
ATAATTTAATGAGTTA,ACAATTAAAGGATTTA,4,12905,21073
ATTCAAGTATCTTTGC,TCTGAAGTATCTATGC,4,12935,24655
CTTTGCTTCAAGAAAC,CTGTCTTTAAAGGAAC,5,13098,28061
AAGCAAAGTGTGACAA,AAGAAAAGTTTTATAA,4,13150,4674
ATTATAGCACTTATCA,AATATCTCAGTTATTA,5,13295,27504
TGACTTAGTAGATATT,AGATTGGTCAGATATT,6,13482,24965
TTATTTTTGTAGAAAG,CTATTTTGTTGGTAAG,5,13565,33073
AGTATATTGCTACTTA,CATATATTGATACGAA,5,13605,16721
GACAATTTGTATCAAT,TACACTTTTTAAAAAT,5,13758,14706
AATTTGTATCAATTGG,GAGTTGTCTCAAATGT,5,13761,26258
TTGGTGGTTATCCTTA,GTGCTAATTAACCTGA,6,13773,17521
TATACATGATGTTGAC,TAAAAATGATATGGAT,5,13954,39194
ATGATGTTGACTGGAA,ATGTAGTTGACTCAGA,5,13959,33166
AATTAGGCGCAAAGAC,AATTCGGCGAAAAAGT,5,13988,22617
ATACTTCAATTATTGC,TTACCTCAAATTTTAC,5,14047,4075
CTTCAATTATTGCTGG,GCTCAATCATTGCGTG,5,14050,18221
ATATAAACAACGGTTC,ATTTATTGAACGCTGC,6,14209,24776
TTACGACTTCAGGAAC,GTAAAACATCAGGTTC,6,14254,33271
CGTTGACAGTTGAAGC,AATTGACACCTCAAGA,6,14371,873
CAGTTGAAGCTGGAAA,CAGCAGACGCAGGAAA,4,14377,12379
TAATTGTTAGGTTCTT,TAGTTGATAGATTTTT,4,14434,19309
AAATATACAAAAAGGC,ACTTAAATAAAAAAGC,5,14462,7390
AAGGCTGGAATATGTC,AATACTAGAAGATGTT,5,14473,20704
GAATATGTCTGGAACA,TGATGTGTATGTTACA,6,14480,17827
CTGTTCAAAGTCTTGT,CTTATTACAGTCTTGT,4,14524,20536
TTGTTGGTCATTTTGC,GTGTTGGTTATTTACA,5,14536,16550
TTGATATAAACCCAAA,TTATTACAAATACAAA,5,14575,11907
AAATGGTAGTATTACT,AAAAAATGGTATTAGG,6,14588,3051
TGGTAGTATTACTTGG,TTGGTGTATTAGGTGG,5,14591,24374
CACCTATTGCAACACG,CATGGTTTGGAATACG,6,14629,10259
AGAAAGCGAAACAAAA,AGAAATATAAGCGAAA,5,14679,18597
GATTCTTTTCGCAACA,CATTCTTTACACAAAA,4,14735,31846
GGTTGTATTCTCCCTG,TGGTGGATTCTGCCAT,6,14813,28592
TCAGCCCAATGTTTGC,TGATACCAGTGATTGC,5,14950,24320
AACTTATTAAAAAGAA,AATTGATAAAAAAGAA,3,14977,9497
TGAATATAACTAATGC,AAATTAAAACTATTTC,6,15045,12660
CTAATGCTGGCGTTCG,CTGTTGATGACGTTAA,6,15054,19024
TAATCCACAATGATGC,TATTTGAAAATGATGA,5,15093,4779
ATGATGCTGGGTCAAA,ATGATAGTGCGACAAA,4,15102,32053
CAGTTTCTATGATGAT,CAATTGTTAATATGAT,5,15130,13836
AGCAAAACCCAGAAAA,AAAAAAGGGCAGAAAA,5,15156,79
TTGCTCATGTTTATAT,TAGCTCCTGTTGACTT,5,15177,21423
TCTGACTTCTCTAACA,GATGCTTTCACTAAAA,6,15218,29959
CTTCTCTAACATGGCA,AATCATTAATATTGCA,6,15223,8029
TGCAAATTATGCCAGT,GGTAAGTTTTGTCACT,6,15265,4934
TAAGTACATGAAACAA,TTAGTACCTGCAATAA,4,15355,24340
CAGTAGAAGCTCACGG,AGGTAGAACATGACTG,6,15444,3805
TTACAGGACAAACTAG,TTTGATGAAATACTTG,6,15513,11744
AATTTACATATACAAA,TTATTACAAATACAAA,4,15591,11907
CAACTTACTACTTTAA,CAAGTAACTTCGCTAA,5,15618,35906
TCACACCCAGACCAAT,TTATACGTAGACCTTT,6,15656,20017
CTTATAAAGAAACAAC,CATTCAAAGATTCAAC,5,15690,12466
CCTTAAAAACTTCGAT,ACTTAAAAATATGGAT,4,15715,13274
GGCCCTCACTTAATTG,ACACTTTACTTAATTA,6,15815,37381
TTCTAGCTGTTGACCG,TTGGAGTTGTTGGCTT,6,16571,24431
ATAGATACTCTTTACT,TTGGATACTCATTTTA,6,16678,23608
GGAATGCTACGGTATT,CCAATACTACGTTAAT,5,16819,1461
TTTTTCAATTTCTACT,TTATTAAATAACTATT,5,17228,39681
TCCATACCGTATTCAT,TCAATACTGTCTTTAA,5,17826,28055
TATTTTTCCATAACTT,TACCTTTACCTAAAAT,6,18200,6805
TAAACGACTTGACCAA,TAAACTAATAGATCAA,4,18253,22700
CCTTGTCTTTCTATTT,AGTCGTTTTTTTATTT,5,18572,37825
CTAAGCCATTACTCAT,TTATATCATTCGTCAT,6,18739,3617
TGGTATATCGAAGCAG,TTATATGTCGATAGAG,6,18755,35113
TTATTATAAATAGCGG,TTATTAAAAATAACTT,4,18902,39073
ACTCAATCACTTTAGT,ATTCATTCATGTTATT,5,19356,15351
CGTATCAAGCAGTTTT,CGAGTCAAGGAGGTTT,4,19465,12421
CTGTAAGCTCAAATTA,CAGAAAGCATAAAAAA,6,19543,3041
CTCCGTCAAAGTCAAA,ATCATTAAAAGTTAAA,5,19838,22519
TTTCTTTTTCAAATAA,TTTTATTTTGGAAAAA,5,20234,37833
CAGCTCGATTTAGCGC,CAACAGGATTTAGTGA,5,20444,10412
CATCAAACATTGAAGC,AAGCATATATTGACGC,5,20609,14639
AATTATCATATAGATA,AATTATATTTTAGATA,3,20771,27691
CTCTTCTTTCCAACCT,AGCTACTGTCGAAGCT,6,20978,23937
GTTTTTTGACAAAGTA,GTTGTATGAAAATATA,5,21059,12617
CGACAAAAGGAACAAC,CGACTAAAGGTAAGAG,5,21150,14663
CTTGAAATAATGCTAT,TTGGCAATAAAGCTAA,5,21333,38644
CTTTCTTATCAGAGTA,CTTTCTATACAGATAA,5,21352,27484
AGACCAACCAACTTTT,ATACAATCCAGCTTTT,4,21854,29490
ACTCAAAAGCACTACT,AATCGTTAGCACTAAT,5,22275,20219
CTTTCGTCGTTTCTAA,ATTCCGTCGTTGCTAC,4,22958,5238
CAATCTCATACCATGC,GTATCACTTATGATGC,6,23165,30596
CGTAGCTCCTAATATA,GGTAGACCCTAATATT,4,23190,35316
TTAGGACTTCTGCCAT,TGGTGGATTCTGCCAT,5,23342,28592
GACTTCTGCCATTGGT,GAATACTGCGATTATT,5,23346,13312
ATTGTGCTTTTTCCCT,AATTAGCATTTGCAAT,7,23472,9934
GATTCTTTAAGCTCCT,GAATCTTTAGTATTGT,6,23797,21212
ATTTCATCCGTTGTTT,ATTTTTTGCGTTTTTT,4,24061,40213
CTTTATATTTACATTT,CTCTATATTTAACGGC,6,24479,6388
TATTAATCTTTAATTT,TAGAAATCTTTAAAAA,5,24717,28151
TTCTTTTTTTACGAGT,TTTATTTTAGAGGAGA,6,24800,10294
ACAAAAGCCACTAAGG,ACCTGAACGATTAAGG,6,24953,16255
AGTTAAAATATATTGC,ACTTTAAAGGTATTGC,4,25180,31343
TTTCCTTGTCTACTTC,TATTCTTGTTTATTTA,5,25222,25545
ACACTACTCCAAAAAG,ACAACACTTCAACTAG,5,25422,19940
TTAATGCTGTTGAATG,ATGATGGTGTTGACTT,5,25548,36269
TTAGCACTTCTAATAC,TTAGCTGATGTAATAC,4,25767,13880
TCGGTTCAATTGCAGG,TAGGTTCAAGTGATTT,6,25824,37666
AAAAGTAAAGATCCTT,AAAGAGAAAAATCTTG,6,25844,19122
GCTAACGGTTCATTCT,ACCAACGTTTAATGAT,6,25991,4197
GTAACCGTCATAACAT,TAAAGCGTTATTATAT,6,26019,5590
TGTACCAAACAGTAAA,TTTACTAAACAACAAG,5,26047,37264
CAAACAGTAAATGGTG,CAAAAAGAAAATGAAA,5,26052,12338
GATATCAATGACGACA,GAGAACACAGACGAAC,6,26156,3540
TTGCCTTGATTATTCT,TGACCTTAACAATTCT,5,26237,27993
TTCTTGGCATTTTATA,TTATCGGTATTTTAGG,5,26249,25313
TACCAACTTTAAGGAG,CAGCATCTATAAGAAT,6,26280,36326
TTTACATCTATCTTAT,ATTACAGATATCCTAA,5,26338,34556
TCTATCTTATTGGTAG,TCAATATCGTTGATAG,5,26344,36581
TCTTATTGGTAGTGGC,TCTTTATGTTAGCGAC,5,26348,38284
TGCGAGCATAGTATAG,TAAGAAAATAGAAGAG,6,26512,21349
TCCAAACCTGTAAACG,TTCATCACTGAAAACG,5,26544,23045
GGTATTGAGCGTATTA,AAGATTTAGCGTTTTA,5,26624,5166
GGCGGAAGCAATACTC,TGTGGGACGAATATAC,7,26687,10926
TCGATTCCAGATAACG,TTCATCACTGAAAACG,6,26707,23045
CAGATAACGTGGTTAG,ATTATAACGTAGATAG,5,26714,31720
GCTATTGCGCAATACT,GTTCTTTCGGAAGAAT,6,26759,24131
CAACTATACGGATAAC,CTATTATGCAGTTAAT,6,26780,25154
AGAACTAAGTGACAGC,AACATTCAGTTAAAGA,7,26858,11781
ATAAGGTGTACTAACG,ATAAAGCGTATATACA,6,26885,8967
TAGCAGTATAGTCTAA,AAGCAGTCAAAGCTAA,5,27000,8092
AGTCTAATGGTAAACG,CGACTAAAGGTAAGAG,5,27009,14663
TTATTATTTATTATTA,TTATTAATTGAAATTT,5,27081,6291
AGTGTTCGCATTGCTG,ACTTTTCGGACTGTTA,6,27152,18887
GCTGTGGCTATTAGTA,CCTGTGATTAGTAGCA,5,27164,2641
AAAGGAGATATAGTTA,AAAGGAGATAACGAAA,4,27213,6879
AGATATAGTTATGGTT,ACTTAAAAATATGGAT,6,27218,13274
TAATACAATTTATTCT,AAATGGAGTTTATTCG,5,27241,31480
,ATATCAGTTGTTACAA,0,1,39
ACCAGTTTGCATTGTT,ATTACAATCCATTGTT,6,391,16958
CAATATATGACGCTGA,CATTATTTGATGCTAA,4,551,20141
AATACAACAAAGAAAA,AATTCAATGAAGATGA,5,827,4965
ACTGGATGATTTTAGG,AAAAAATGGTATTAGG,6,1148,3051
TAGGCGGACAATATGG,TAAGTGGACACGGTGG,5,1160,26450
CGTGTTTGACCAAGTT,GGTATTTAAATATGTT,6,1221,16156
TTTACATCACTTCTGG,TTTACAACACTAACTC,6,1484,27358
ACAATGATAGGTCGTT,ACAATTAAAGGATTTA,6,1565,21073
AAAATAGAACTTATGT,TAAGTGGAACTTATCC,5,1832,33085
GCTAACTTTCTCTGTA,ACTAACTTTATTTTAG,6,1929,10288
CTAATCTTACTTGATA,CGTATCTTAATCGATA,4,2014,40134
GCAGACTTAGAAAAAT,GAAGTATCAAAAAAGT,6,2093,21014
TTAAAATCTAAGTTAG,ATAAAAACGAAGTTAT,4,2233,33357
ATACTGCTGTTAAAAT,GTACGGTTGTTAATAA,5,2300,1979
ATGGCTTTAGAAATGG,AAGCGTTTAGAGATGC,5,2389,31052
TAAGATGTGGTGCATT,TAAGAAGTAACGCGCT,6,2517,19258
AAAAATTGAACTTATT,AAACAAACAACTTAAT,5,2706,2524
CCAGTTGATAACAAGA,TCAGTTAAAAACTACA,5,3335,24537
ATTGACCTTATTAAAT,ATTAATATTTCTAAAT,5,3401,3009
TAACTAAAAATGAGGA,TATTTGAAAATGATGA,4,3862,4779
GTGTAGAGAATCGTAA,GTGTCGTGAAGATTAA,5,3916,9446
CATTGCTATATGAACA,CATTCGTAAGTGGACA,5,3982,26444
CCCAAGTCCACAAAGA,GTGAACTCTTCAAAGA,6,4853,23552
CTCTTGTTGAGGGAGA,CACTTATTGAGGAGCA,5,5051,12816
AGGGAGACGGAACAAA,AAGGAGGAACAACAAA,5,5060,942
GACGCTATTGAAGAAG,GAAACTATTGAGTACG,5,5167,3786
TTGAAACACTAACAAG,AAGAAACACAAAAGAG,5,5474,17135
TATCATAAGAATAAAA,CAACATAAGATGACAG,6,5531,32718
TATTGCTTCTTATTGT,GAATCTTTAGTATTGT,6,5708,21212
CTGTTAAGAAGAAGAA,CTTTGAAGAATATGAG,5,5859,14796
ACTTGGTAAAAATGTA,AACTGGTGGAAATGTA,4,5968,16467
TACGGTATGAGCTTAA,AACGTGATGAGCTTAT,4,5982,11438
ATGAGCTTAACGGAAT,ATGAGGATTCTGAAAT,6,5988,16664
AGGCGAAACTTTCAAG,CGACTAATCTTGCAAG,5,6049,29057
TTGACGATGAACTTGT,TTGTTGATACACGTGT,5,6321,16538
AACTTGTCGGATTAGT,AACTTGATGAAGCAGT,5,6330,11805
GAAATGTTTTGCAAAA,CAGATTATTTGAAAAA,5,6348,40245
TCAATGGAAGACCAAG,ACTATTGAGTACGAGG,7,6967,3789
TTGGGTTGGTCTCCTA,TTTAGATGCTATCCAG,7,7129,34076
CAGGAGAATTTGTTGA,CAGGAAGATTTGGCGA,4,7208,24791
AAACAGATTCAGTAGA,CAATAGAGTACGTACA,6,7286,7990
CAAACAAAATGGAAGC,CATAAAAAATGGTATT,5,7427,3048
CAAAGGGTCATAATGA,CATACGGTGTTAATGT,5,7529,38896
GAAAAGTAGCAACAAA,CAAAAGTAACAGGTAA,5,7628,2471
TAACGTTCTCCGCTGA,CAACATTATACACGAA,7,7673,1758
AGCTTAAAAAAGAAGA,AGTTTCAGAACGAACA,5,7861,17544
TTGAGTTCGATACTGA,AAGATTTTGAAACTGG,6,7987,16457
TTAGAACTAACTGGTT,TAAGAAGTAACGCGCT,5,8098,19258
TTTGGGTAGATTGTAA,TGTGGGACGAATATAC,6,8231,10926
AAAGAAAAAGAGGAAA,CAAAAAGAAAATGAAA,5,8335,12338
TTGAGGTCGAGATATA,TTAAAGTCAAGAAGTA,5,8602,20837
TTGACCCCACAAATAC,ATGACTCAACAATTAC,4,8716,34871
AAAGAAGAACTTTCTA,AATGAAGATAGTTCTT,5,8805,27793
CTAAGGGTGTAAATAG,GTACGGTTGTTAATAA,5,8980,1979
TAAATAGCGGAATTGA,TAGTTAGTGGGTTTGA,5,8989,31918
GTGTATTCAGGCAAAT,GTGTATTGCAACAGAT,5,9049,37136
GTGTAGTTCAGGCTTA,GTGTCGTGAAGATTAA,6,9373,9446
GTTATGGAAATGAACC,CTTATAAAAAAGAACA,5,9483,39370
AGGCAATGCAAAAACT,ACGCTTTGCAAGAAGT,5,9571,16919
TGTCTAAAATTTGGGA,CGGTTAAAATTTGGAC,5,9820,37319
GTTTAAAATCAACTTT,GATAAAAGTAAACTAT,5,9838,16058
CAGTTTTAAGTATAAT,CAATTGTTAATATGAT,5,9859,13836
TAAAGAGTGCATGGGA,GAAGGAGTGTATTAAA,6,10315,22130
TAGTTTCATTCTTTAG,TAACTTCATTCGTAAG,4,10336,26438
TTGCTGATATATGGAA,TTGATTCTATATCTAA,5,10369,6310
GGAACGGAGCAGTTGA,GGCACGGAAGATATTA,6,10381,8654
TTCAAAATATTTGGAA,TCAATAAAATGTTGAA,6,10456,5832
TCACAGGGCTATGGGA,ACATGGGGCAATGCTA,6,10555,34528
TATTGGCTATTATTCG,AAATGGAGTTTATTCG,5,10729,31480
CTTACCAATTAGTTAT,TTTACTTATTGTTTCT,6,10750,6095
TTATCGGAGCATGGAG,TTATTGAAGTATGTGG,5,10762,35189
GTGTTTTCAGTGCTAT,GTGTTATCGGTATTTT,5,10954,25310
TAACAGGTATCTTCAG,CACAAGGTATTATGAG,6,11122,18147
TAGCTGATTTCTTTAG,TCCCTGATTACATTAG,4,11143,20886
TTAGCGGAGTGTTTGA,AAAACGGTGTGTTTAA,5,11155,7141
CTAAAAATATAGTTAG,CTAAAAATTAATTAAA,5,11176,4599
TAACAGGAGTGTTTAA,AAAACGGTGTGTTTAA,4,11242,7141
TCTTTAGTGATATATT,TCTTTAAAAATAAAAA,6,11272,68
TAGACAGCGTTCTGGG,CAAACAACTTAATAGG,7,11308,2527
TTGCAAGTAAAGTTGG,TTGGCAGTAAATTTGA,4,11371,7567
TCAATTTATCTTCTAG,TCAATCACACTTATTG,6,11428,12809
TATCTTCTAGCGGTTA,TAGGTTCAAGTGATTT,6,11434,37666
CATTTAACGTGCAAGG,TACGTAATGCGAAAGG,6,11497,679
TACATACCAACTTAGA,CACATACCAATGTTGA,4,11601,8130
CAAAGACAGAGGGTTA,CTAGCTCAAAGCGTTA,6,11919,9195
AGGGTTACGGTAAGAA,AGGATTACATCAATAA,5,11928,36059
GCAATTGTGTTTAAGA,ACAAGTATGTTCAAAA,5,12257,19381
AAAATCAAGAGAAAGG,TTATTCGAGGGAAAGG,5,12449,31489
GCTACATTGACCGTTT,CATACTTTGAAAGTGT,6,12646,27241
ACAATTAATCGTAAAG,ACGATGAATCTGTAAT,6,12961,11148
AGTGTGACAATGGACA,AGTTTCAGAACGAACA,5,13156,17544
ACATAGCAAAAAATAA,ACTTAGCAAAAGGTGT,5,13265,19706
GCACTTATCATGGAGA,GTATTTTTCATAGAGG,5,13301,21694
ATGATAGAGATGACCA,AAGATAAAGATGATGA,4,13361,4319
GTGGTTATCCTTATGG,GTGATTGGCTTATTGG,6,13776,23348
GTACAGAGTTCCCAGT,AAACAGGGGTCCAACT,6,13915,11363
TCGGTTCTAATAATGA,ACAATACTAATAATGA,4,13930,7312
CATCAAATAATAGTAA,GATCATATAGTTGTAA,4,14185,34978
GTGTTGATATAAACAA,TCATTGACATTAACGA,6,14203,3980
ATGATATGACAGTTAG,GATATTTGATATTTAG,6,14329,8824
TTGCAACACGTGGTAA,GTGCGAAAGGTGATAA,5,14635,36764
CTTGTAATTGATTTGA,CTTGTAAATTATTTTC,4,14796,6619
GTTGAAGAAGAACAAA,AAGGAGGAACAACAAA,5,15012,942
GTGGGTATAATCCTAC,TTGAATATAACGTTAC,6,15069,26854
TTTATATTGGAAACGA,TTTATTTTAGAGGAGA,5,15186,10294
ATTGTGCTAACTCATA,ATTGGGTTAAATCACA,4,15243,38938
TTGAGAAATGAGCAAG,TTGCAAAAAGAGTACG,5,15320,9533
GTTCAGTAGAAGCTCA,AAGCAGTCAAAGCTAA,6,15441,8092
GAAGCTCACGGTGGCA,CAGGCGAAAGGCTGCA,7,15449,38299
GTTTCATGCAAGCTAA,TATTCATGCAAGTTTT,5,15756,25730
TGGGGCTTTCTTTGTT,CGGGGCAGTCAATGTT,5,15831,34468
TCAATAATATTATTGC,TCGATATCTTTATTGC,4,16217,13294
AGATAAGGGAATGCTA,ACATGGGGCAATGCTA,4,16812,34528
GTCTAAAGCCTTGTTA,TCCTACTGCCTTGCAT,7,17687,342
CCACAATAGGTATCTG,TGTCAGCAGGTATCAG,6,18136,24599
TTTTGCACTATTTCTT,TTGTTAACAAGTTTTT,6,18482,2501
TTAGGTTCATTATATT,AAAGCGTTATTATATT,5,18627,5591
TTGTTATTATAAATAG,TTGCTACATTAATTAT,6,18899,39651
ACCAATCGAATTCCCG,TAAAATCGAATACACC,6,21101,31376
ATATATTCATTTAATT,ATTCATTCATGTTATT,4,21456,15351
CTCCTAATATATGGCT,ATTCTAATAGTTGGAC,6,23195,34733
ATGGCTCGGAATGATA,ATTGTACCGAATTAGA,6,23205,36087
TTTCTCTGCCAGCGAA,TCTTTATGTTAGCGAC,6,23639,38284
GAATAAAAATATTGTT,AAATAGAAATAGAGCT,5,24605,3698
ATTGACATTTATTGTT,ATTACAATCCATTGTT,5,24657,16958
ACTTCTAGTTAAATCG,ACAGCTAGTGAAGTGG,5,24923,34402
AACACTTATTTGATAT,AACTTTTATTTTATTG,5,25681,15887
CAAATGAGTATGTAGT,CAATAGAGTACGTACA,5,25809,7990
CCAAGCTTATTGCTGA,CAACGGTTACTGACGA,6,25869,4004
CATTGATTAGAGCTAA,TATTGATTCCAGCAGA,5,25980,24057
TTATATGGTGTAGGTT,TTAGGTGGCGTATTTT,5,26260,25324
CAGGTGTACTGATTGA,CAGGTGGCGTTATTGA,4,26394,33100
GAGTTGACAGCCTAAG,GAGAACACAGACGAAC,6,26428,3540
GGAGGGTGCAAGGTGA,GGAGTGTGGGAAATGA,5,26445,12635
AGCAGTTCTGTTTAGG,AGCTATTCATTTTAAA,6,26673,3391
ACTTGGCACAACTATA,ACTTAGGACAAATAAG,5,26772,39085
ACGGATAACTGGTGCA,ACTAACACCTGCTGAA,6,26787,23328
ATATAACATTCAAGAA,TTAAAACATTCAGGCA,4,27314,31815
GCTAAAAGCATTGCTA,GTTAAAGCTAATGATA,6,460,27456
AAATCGAAGTCCCAGA,AAACGGAAAACCGAAA,6,773,7246
CAAGAGTACAAAACAA,CGAGAATAAAAAATGA,5,1293,36257
ACAAATGATACTTTGA,TCAAAGAATACTTTGC,4,1351,15807
TCTTAGCGTTTAATAT,AATTAGCATTTGCAAT,6,1733,9934
TCGTTTGTGAGTTAGA,TAGTTAGTGGGTTTGA,4,1892,31918
CTTTAGAACCAAAACA,CTTTAAAAATAAAAAA,4,2073,69
CTATGAAATTTTAAAA,CTTTTGAAATCTAAAA,5,2127,725
CAAAAAGTCATGCAGT,CAATACGTGATGATGT,5,2272,18192
TAAAATCGGACAAAGT,TATAATCTGACTAAGC,4,2310,9095
ATTGTAGAACTAACGT,TTTTTACGACTAAAGG,6,2561,29592
AAGCGAGTATAAACGT,AAGCTAGGTTAAAAGT,4,2659,13537
GAGTTTATGGTAGAAA,GCGAAGATGGGAGAAA,5,2686,22887
TCAATTGGAGTCCTAA,TTCCGTGGAGTTTTAA,6,2949,21585
TAAAGAACATGCAAGA,GAATGAACATGAATTA,5,3294,13195
GCAGACGAGTAGTTAA,GTAAAAGATTATCTAA,6,3567,18990
AACTTCTTGTTAAAAT,GATTGCTTGTTAAAAA,4,3702,30206
GCGAGCAACCAATTGA,GCGATAAAACAATTAA,4,3720,21065
ATCTAGTGAAGTCATT,ATTTAGGTAAAACATC,6,4007,33265
TTATTCAAAATGCATT,TTATTAAAAATAACTT,4,4258,39073
ACCTTGCTCTTGTTGA,AGCTTGATTATGTTGA,4,5045,27127
TTCAAGCGGACAACAT,TTCAAGTGGTTCAGAC,6,6059,15372
ACAAGATGATTTTAGA,AAAAAATGGTATTAGG,5,6096,3051
ATACGAGCTTTGTCAT,ACAAAAGCTTTACCAT,5,6267,5991
AAGTAACAGAACGCAT,AAATATGAGGAGGCAC,6,6506,11849
TAGATATCAAAATACT,GAAGTATCAAAAAAGT,5,6618,21014
AGTGGTAGTTAATGCA,CGGGGCAGTCAATGTT,6,6678,34468
GTTAATGCAGGGACTA,ATTAATGTTAGTACAA,6,6685,27760
TCACGTGAGATTTTCT,TTACCTCAAATTTTAC,6,6850,4075
TAGCTGATATGGCTAA,TAAGTGCTAAAGCTAA,5,6887,6970
TAAAGAGGATATGCTA,TAAAGCGTATATACAA,4,7089,8968
GTACATCAAATGGCTT,GTGCATATAATTACTT,5,7115,35933
TGGGTTGGTCTCCTAC,TTGATTATTCACCAAC,6,7130,2983
ATTGAGTACGAAATTT,TTTTAGTTAGAAACTT,5,7387,31445
TGACTACTGCTACAAA,TTATTACAAATACAAA,5,7517,11907
CTTTGAAAGATTCTAA,CATTCAAAGATTCAAC,4,7568,12466
AAATTCTTTTGTCGCT,AAAGCGTTTTAGCGCT,5,8154,1902
AAGTTGTTGATACTTT,AAGATTTTGAAACTGG,5,8218,16457
AAAGGCGTAAAAGAAA,AAATACTTAAAGGAAA,4,8558,35786
TAATACCGCAATGTCA,TCGTACCAGATTGGCA,6,8657,10188
TGACCCCACAAATACC,AGACGCCAAAAGTAAC,5,8717,2465
ACTTACAAACGCAGTT,ACTTAAAAATATGGAT,6,8758,13274
TTCTACGGTTGACAAA,CGCAACGATTGATATA,6,8816,9279
AAGCTAACAGGCTAGA,TATCTAACATGATACA,5,8896,804
AAATAAAGCAAGTCGA,AATTCAATGAAGTCGA,4,8917,24101
CTAAAATGGACACTAA,CTAAAATGGCGGTTAA,4,8968,23996
AATGGCTTAAAAGGTT,ACTGTCTTTAAAGGAA,5,9093,28060
ATACATTGAAGTTCAA,CTAGATTGAAGCCCAA,4,9157,30173
TGCTGTAACGACTATT,TGCTATAACTAAAATG,5,9605,27855
ACTATTGGGGATGCTT,ACTATTGAGTACGAGG,6,9615,3789
CTATAATTGATAAAAT,ATGTAGATGATAAATT,5,9703,32683
GATAAAATGGGAGGTT,GATAAAAGTTGATGAG,6,9711,5812
TATGTCAAAGAACTAT,AATGACATTGAAATAG,6,9768,14833
TCTTTGTCTAAAATTT,GAGTTGTCTCAAATGT,5,9816,26258
CAGGAACAGGAGTAAT,CCGGAGCGGAATTAAT,5,10159,26336
ACAGGTAAAAAGGCTT,ACGGAAAAATTGGCTC,6,10278,3923
TTCTTAAAGAGTGCAT,TTATTAAAAAGTCTAC,5,10311,27727
GGTATTCAAACAGCAT,GGTATTTAAATATGTT,5,10518,16156
ATGGGCAGGAGTTACA,ATGAAAGAGAATTACA,6,10532,23216
TACAGGGTTCTTCACA,TAGTGGTTTTTTCAAG,6,10544,23107
TTCTTCACAGGGCTAT,TTGGTTACACGGTTAT,5,10551,29190
TTATAAATCTATATTT,TTATTAATTGAAATTT,4,10673,6291
TTTGCTTCTAGCGCTT,AAGCGTTTTAGCGCTT,6,10977,1903
TTTGCTTCAAACGCTT,TGTACTTGATACGATT,5,11097,25950
CGATAGACAGCGTTCT,GGATAGACAAATGTCT,5,11305,35607
AAAGGTTCAATTGATT,AAATGTGAAATCTATG,6,11352,7839
ACGAGAATTTGAACTA,AATAGAAATAGAGCTA,5,11555,3699
GAATTTGAACTAGGGA,TAATTGATACTGGAGA,6,11559,13239
ACAGACGACAAAGTTT,ACACAACACAAACATC,6,11621,27187
ACCAGCCCTCTAATTT,ACCGCAAAGATAATTT,7,11667,2947
ATGGTATTGGAGTAAT,ATGATATTGAAGCACA,5,11718,16301
ATGTCACAAAGACAGA,TTATTACAAATACAAA,5,11913,11907
TTCTTACACTTATTAT,TTGCTACATTAATTAT,4,12103,39651
GACCGTTTAGGCCGTT,AAGCCTATAGGTGGTT,6,12134,39267
AAATATTTAGTTTTAT,GAATCTTTAGTATTGT,4,12165,21212
CTTATCAAGGCTGGAA,TTGGTCAAAACTGGAA,5,12324,38503
ATTAATTATGAACTGT,AGTATTTAAGACATGC,6,12601,38818
TTAAAAAACTACTTTT,TTAACAAAATACTTAA,4,12799,35780
AAAAGAATCACGACAA,AAAAAGATGATGATAA,5,13123,16832
TAGATATTTGGTACGA,TAGTTAGTGGGTTTGA,5,13490,31918
AATAGATAGCTTTAAA,AAGAGATATCTGTATC,5,13636,10109
AATATGTCTGGAACAT,AACTTGTATTGAACAA,5,14481,12980
GGTAGTATTACTTGGT,GGTATTATGAGTGGAG,6,14592,18152
ATTCTTTTCGCAACAT,ATTCTTTACACAAAAC,4,14736,31847
GTTGTATTCTCCCTGT,GTGCTAATTAACCTGA,7,14814,17521
TTTATTGTACTTTGTA,TCCAATGTATTTTATT,6,14906,38600
TAATGCTGGCGTTCGT,TCATACCGTCATTCTT,6,15055,6358
TGGGTATAATCCTACC,TAGCTGAAATAGTACG,7,15070,22260
AATCCACAATGATGCT,AATCATTAATATTGCA,6,15094,8029
GCAAATTATGCCAGTT,TAAAATTATACCAGAA,5,15266,6865
AAGTATGCCAATCAGA,AAGTAGGACAATCACA,3,15285,25094
AAGTACATGAAACAAT,AAGTACAGTATACAAC,4,15356,2918
GCCCTCACTTAATTGT,GCTATCCTTGAATTGA,6,15816,461
TAGATAATTATTAAAA,TAGTGGAGTATTAAAC,5,16524,20899
AAACATAGTAAGATAA,AAAAAGATGATGATAA,5,16802,16832
TTCTTCTTCCGTCATA,TATATCATTCGTCATA,5,17366,3618
ATTTTTCCATAACTTT,ATACTTTCACATCATT,6,18201,38488
GTATCAAGCAGTTTTT,GAGTCAAGGAGGTTTT,4,19466,12422
TACTTTTTCAACCGTA,TTCCTTATTAAACGCA,6,20082,2344
TTCTTTTTCAAATAAT,TACCTTTACCTAAAAT,6,20235,6805
TAACAAGTCTTTAAGA,GAAGAAATATTTAAGA,4,23391,20675
TTTCATCCGTTGTTTT,TTTTTTGCGTTTTTTT,4,24062,40214
TTTATATTTACATTTT,TTTAAATGTAGATAAC,6,24480,39745
CAGCTTTAATTTTTAA,AAGATTTTATGTTTGA,5,25584,11220
TCACGTTCAAGTCTAA,TCAAATTTGTGTCTCA,6,25953,24845
CTAACGGTTCATTCTT,CCAACGTTTAATGATT,5,25992,4198
AAACAGTAAATGGTGT,GTAAAGTAAGTGGTAT,5,26053,15396
TGACAGCCTAAGCGGA,TGTTAGGGTACGCGAA,6,26432,18898
GAGGGTGCAAGGTGAC,AAAGATGAAAAGTCAC,6,26446,33869
CCAAACCTGTAAACGT,ACCAAGCTGTTATCTT,6,26545,19907
ATCACGTTATAGCTTA,AGAAAGTTTTAACTTA,5,26651,927
GTACTAACGTGGTGTA,GTTAATACGTGGTGTT,5,26892,35253
GTCTAATGGTAAACGT,GACTAAAGGTAAGAGT,4,27010,14664
TACTGCTATAAGATAA,TATTTTTAAAAGATAT,5,27041,34500
TTAATCGCTATGTTAA,TAAATCAATAAGGTAG,6,27428,20944
