SK1,heler,dist,SK1_pos,heler_pos
TTTGATTTGAGATTAT,ATGGAATCAAGATTTT,6,113,7460
GTGAGCGTTAAGTTAA,ATGACTGTGAGGTTAA,5,207,11295
ATATTTTCGTTCCTGT,ATACTATCGAAGCTGT,5,221,31972
TTCTTTTAAATGTGGT,TTCTATGAAAGTTGCA,6,254,5488
TTTTGTGTTTGCATAT,TCTTATATTGGTATAC,6,276,30617
GATTCAATTTTATCAA,AATTGGAAATTATGAA,6,351,5442
TTATATTGTCATCTCG,TCAAATTTGTGTCTCA,7,431,24845
TTAGCTTCGTCATACG,TTCGCTACACAATACG,5,450,21938
AGCGATACCTTTAGCT,TGCGATTTCATCAGCT,5,460,26412
TTACTTTTTCAACGTT,TTCCTTATTAAACGCA,5,572,2344
TAGCAACCATCATTGC,TAGCTATCATAACTTC,5,626,1365
CTGGGACTTCGATTTC,CAGGGTATTCGACTAA,6,773,14654
TTTTCGTCAATCATAT,TCATCGTCATTTAGAT,5,1044,18364
AGATTAAGGAAAATTT,AGATTATGGCTTATAT,5,1086,38924
AAAATCATCCAGTTAA,AAAATGATTTAGTTAG,4,1146,31909
GTGTGTTATCGTATGC,GTGATTTCTTAAATGC,6,1196,26321
TGTTTTGTACTCTTGA,TGTTTGGTTATTGTCA,6,1293,35265
CAAAGTATCATTTGTT,AAATCCATCAATTGTT,5,1351,2890
TGCGCCCTCAAAGTAT,CAGTCGCTCAAATTAT,6,1359,25292
TTATTGACTGATTCTG,TTAAAGAATGGTCATG,6,1434,9984
ATCATTGTAAAATTCT,ATTATTATGTATTTCG,6,1558,16889
GCTCATGATTTTCTAG,GCTAATGATGATGTAG,4,1598,13736
GACCACTTAGGGACAC,GAGCACGTAAAGACGA,6,1662,18537
CAATAACTCCTGACCA,CAACGGTTACTGACGA,6,1673,4004
TGCGCAAGCTCGTACT,CGCCCAAGCTATTTAT,6,1692,18435
GCATAGGTAAGCCCAT,TTCATGGTAAGCCTAT,6,1748,39259
CTAACTCACAAACGAA,CTAAAAAACACCCGAA,5,1892,7798
CTGTCAACGAATTCAG,ATTACAAGGAAATCAT,6,1992,23226
GTTTTGGTTCTAAAGT,GTATTGCGAATCAAGT,6,2073,12100
TTTAAAATTTCATAGC,TTTAATAGATCTTAGC,4,2127,24027
TGTCGAATTGCTCTTT,AGTCGTTTTTTTATTT,6,2187,37825
TACATAATCACGGACT,TATATGAGCAAGAGCT,6,2477,8793
CGTATTTTTTAGCACC,GGTAAGTTTTGTCACT,6,2535,4934
TTCCCACGTTTATACT,TTGCTACATTAATTAT,6,2665,39651
TTCTACCATAAACTCA,TTCCTTATTAAACGCA,6,2686,2344
GCCATACTAATCAAAG,GCAGTATTTTTCATAG,6,2911,21691
TAGGACTCCAATTGAG,CATTAGCACAATTGAT,7,2949,28400
TTCGCCAAAAGTCCAT,TTATTAAAAAGTCTAC,6,2982,27727
GTGTTATCATCAAATA,GTGAACTCTTCAAAGA,5,3046,23552
TACTAATTCTTCAGGT,TGCGATTTCATCAGCT,5,3110,26412
CATTGATATAAAAAGG,TTTTGGTATTTAAAGG,5,3138,34220
TGTTCCAGCTTAGTTT,TATTCTTGTTTATTTA,6,3193,25545
CTTGCATGTTCTTTAT,TTTACTTATTGTTTCT,6,3294,6095
GTCAAAAGTTCCGATT,GTGCAAAGTACGAATG,6,3415,10797
TTTCAAGTTGGATCAA,TTTTATTTTGGAAAAA,5,3519,37833
TAACTACTCGTCTGCG,CTCCTAATCGTCATCT,7,3567,5893
CAATTGGTTGCTCGCC,CAATTGGTAATGTGCC,5,3720,22329
TGTAGGTCACTTAGAT,TGCAGGTATCTTATAT,4,3784,30609
TTCTACTGCCTTGTAG,TCCTACTGCCTTGCAT,3,3795,342
CATTTTCAGTTACTTT,CAGATCCTATTAATTT,6,3859,40185
TGGAACGACTTAGAAC,GAGAATGACTTAGATA,5,3881,3480
CAATTTCTTTCAAAGC,CAATCTTTATAAACGC,5,4324,1308
GTGCGTTAAGTTCATT,ATGCGGTTGGTGTATT,6,4538,24368
TTTGGTTTTTCTTCCT,TTTACTTATTGTTTCT,5,4554,6095
GCTCTGTTTTTGTTTG,GCAGTATTTTTCATAG,6,4874,21691
CAACAAGAGCAAGGTC,CCAAAAGAGCAAGAAC,4,5045,30037
GTATAGACAATAATTT,GGATAGACAAATGTCT,5,5343,35607
CCATTTTATTCTTATG,CTATTTTGTTGGTAAG,5,5535,33073
TAATATAATCTATCAT,TTATATCATTCGTCAT,5,5560,3617
CCATAATACATTAACT,CTATATTACAAGTATT,6,5798,25706
TTTTCGTCCAAGAAAT,GTTACGTTCAAGAGAA,5,6034,25130
CTAAAATCATTTTGTT,CTTAAATCTTTATATA,5,6096,15068
AAAATAACGTCATTTA,AAATTAAAACTATTTC,6,6179,12660
TAACGCCTAAAATAAC,AGACGCCAAAAGTAAC,4,6187,2465
TTGAGTCACTAAGTGA,TTAAGTCACGTTGTAG,6,6235,15492
ACAAGTTCATCGTCAA,ATAAAATAATCTTCGA,6,6323,27544
GCACCACAAGGCAAAT,GCATTTCAAAGAAAAT,5,6428,1938
TAAACTCTGCTTCAAA,GACAACCTGGTGCAAA,6,6534,36791
GTATTTTGATATCTAG,GATATTTGATATTTAG,4,6619,8824
TTTTTAACTTGTTTTA,TTGTTAACAAGTTTTT,4,6655,2501
GCATTAACAACTATTT,TTGTTAACAAGTTTTT,5,6679,2501
TTTTTTCAACTAAGAA,TCTTTAAAAATAAAAA,5,6738,68
TTTTTCAATGTTGTTT,TCGTTGAACTTTGTTG,6,6772,30481
TTTCTATAATTTCATT,ATTCAATAAATACAAC,6,6809,17851
TAGTCATATCAGCTAC,TCTTTATGTTAGCGAC,6,6888,38284
TTTTTCACTCCATGGT,TGGTTAACTCAATTGT,5,7021,25654
TGAAGTAAGGTAGCTC,TGACGCAAGCTCGTCC,6,7039,30137
AAAATATCTTCTTTGA,AAAAGAGTTTCTTAAA,5,7090,19824
TTAATAAGGTATTGAA,TCAATAAAATGTTGAA,4,7171,5832
GTAACTTTATCACGCT,GTATCTGATTCACACA,6,7195,22667
CCATTCGAATAAATAT,GCATTTCAAAGAAAAT,6,7354,1938
TTGTAGCAGTAGTTAC,TTAAAACAGCAGTTTC,5,7518,25613
TAGAATCTTTCAAAGT,TATAATCTGACTAAGC,5,7569,9095
TAATCACTGATGTTAC,CGATCACTCATGTTGA,5,7602,27875
GGAGCAAGTTGTCCGT,GGAACAAGTGATATTT,6,7645,24175
GCGGTAACATCTTCAT,GCGATTTCATCAGCTT,6,7696,26413
TTACTTAATTAGTTTT,TTACTAAAAGAGATTG,5,7762,11702
GTAATCATTTTAAATT,GTAACGATTAGAAATG,5,7818,26662
TTTGTTGCTGGAAAAG,TATTTTGATTGAAATG,5,7844,34343
TTACCGTCAGTATCGA,TCATTGACATTAACGA,6,8007,3980
TTCAGCTCATTAAATT,TCAATGAGATTAAATT,6,8059,34015
CCGTTACAATCTACCC,CGGTTAAAATTTGGAC,6,8248,37319
CTTTTTCTTGAATAAA,TTTTATTTTGGAAAAA,5,8343,37833
TTACAGTATCTTTCTT,TCATACCGTCATTCTT,6,8412,6358
AAAATAGTCAAAAGTT,AATATGGCCAAAAGCG,5,8446,23165
CTTTCTTTTTCTCTGC,CTCTATATTTAACGGC,6,8538,6388
TTTCTCTTTTTCTTTT,AGTCGTTTTTTTATTT,6,8558,37825
TTCTTTTACGCCTTTT,ATTTTTTGCGTTTTTT,5,8571,40213
CAAATGTTGCATTACT,CCAATACTACGTTAAT,6,8603,1461
TTAAGTGAGTTCTCGA,TCAACAGAATTATTGA,6,8649,1024
GACATAGCGGTATTGA,GACGTATCGATATTGG,4,8670,30707
AAGCCCTGACATAGCG,ATTCCCTGATATAGAC,5,8677,22054
GCTGGTGAGCTTTTGT,GCGTTTTAGGTTTAGT,6,8841,24392
AAATCTCGAGTAAGTT,AATACTAGAAGATGTT,6,8877,20704
GTTAGCTTGTGTTTCT,TTTACTTATTGTTTCT,5,8902,6095
CTAGCCTGTTAGCTTG,ATCGCTTGTTAGATGA,6,8909,29690
CGACTTGCTTAATTTC,CCACTTGCATGACTCG,6,8930,5794
GAACTAATAGCGCCCT,TAAGAAGTAACGCGCT,6,8946,19258
TTAGTATCCATTTTAG,TCAATATCGTTGATAG,6,8982,36581
ACCGCAATTTCTCTAA,ACCGCTCTATATTTAA,5,9045,6384
TTTAAGCCATTGCCAA,TAGAAGCAATTAGAAA,6,9102,4577
TGAACTTCAATGTATT,CTAAATTCGAGGGATT,6,9170,28115
AAACCAATGAACGTTG,ATACCAATGATCTTAT,5,9282,4917
TTTAATTGTTCGCCAG,TTTAGATGCTATCCAG,5,9369,34076
GAACTACACCTTTTAA,GAATGACGAGTTTTAA,5,9380,12729
TACCACTTGCTGACAT,TAGCTCCTGTTGACTT,5,9410,21423
TTTTCACTAGCGCTAG,TTGGCAATAAAGCTAA,6,9540,38644
TATCTAGCATTTCAAC,AATATAGAAAAGCAAC,6,9569,38081
GCCATTTTATCAATTA,GCGATTTTACAATTTT,5,9720,22961
TTTGCCAAATTAGCAA,TAAGCAAAACAAGCAA,5,9972,7862
TTGCTTTCACTAAATT,TACCTTTACCTAAAAT,5,10032,6805
GCTGTTAAGGCAACTA,ACGTTCGAGGCACCTA,6,10077,8876
GCTTGAATTGCTGTTT,ACTTATATTGCTAATC,6,10158,39528
GTTCCTGCTTGAATTG,TATTTTGATTGAAATG,6,10164,34343
GTTTCGGTTTGAGTGA,TTTCCGGTGCGATTCA,6,10278,25625
TTTTACCTGTTTCGGT,TTAAAACTATTTCAGG,6,10286,12663
TTAGCTCCGTCAACTG,TTGGTTAACTCAATTG,6,10404,25653
TGCCAAATGCCTTTAG,TTCCTAAAGACTTTAA,5,10416,31334
TGTACAATTCCACTGA,CGTACACTTATAACGA,6,10449,20865
GCCCATGCTGTTTGAA,TTCCGTGGAGTTTTAA,6,10536,21585
GTAACTCCTGCCCATG,TTACTACCTGCCTATA,6,10545,14405
GTGAAGAACCCTGTAA,GTAAACATACCTATAG,6,10557,27562
GTCACTAAAGAAGAGA,GTCTATAAATATGAGG,5,10623,11843
GATATGCCGTTCCATG,GATGTTCCGAGTAAAG,7,10785,18026
CCAAAGAAGCCAGCTA,CCAAAAGAGCAAGAAC,6,10917,30037
TTTACAGCGTTGAATA,TTAAAATGGTTGAAGA,5,10938,24470
GATACTGCACTCCATA,AATGGTACACAACATA,6,11025,21615
GTTATTGCTCCCCAAG,TTGATTATTCACCAAC,6,11124,2983
GTTATTGCGTTCCAAG,ACTATTGAGTACGAGG,6,11244,3789
CCGAATATATCACTAA,AGGATTACATCAATAA,5,11289,36059
TTGATATTGTTAATTG,TCAATATCGTTGATAG,5,11352,36581
TTGAATAGTCCGCCAA,TTGATTATTCACCAAC,6,11397,2983
ACTACCATAGAACCTT,ACCATCATACAAGGAT,6,11412,40360
TGCACGTTAAATGTGT,AGGTGGTTAAATATGT,5,11508,21707
AGTTCAAATTCTCGTC,ATTCAAAAATCACGAA,7,11568,1154
CCCTAGTTCAAATTCT,CAGTCGCTCAAATTAT,5,11572,25292
GAAAAATTTCTGTTTG,AAAGATTTTATGTTTG,4,11884,11219
CTGTCTTTGTGACATC,ATGGGTTTCTAACATT,6,11926,26193
CCATAAACTTTTGACA,ACCTAATCATATTACA,6,12062,29159
AGTTCGGTTCCTCCAT,TGGTGGATTCTGCCAT,6,12074,28592
CCTAGTTCGGTTCCTC,TTTATAACGGCTCAGC,8,12077,4683
TCGATATACTTATAGC,TCGATATCTTTATTGC,3,12095,13294
GTTCCGTCTTAAATAC,ATTCCGTCGTTGCTAC,5,12277,5238
TGGTAAACTTCATCAT,TGGTTAACTCAATTGT,5,12329,25654
TTTTCAATTATACGAG,CTTTGAAGAATATGAG,5,12407,14796
TACTTAAGTTGATTAG,TAATTCAGTTGCTTAC,4,12436,25886
TTCTCTTGATTTTAAA,AGCTATTCATTTTAAA,4,12460,3391
CTTTTTTCTTTTTTAC,TTTTTTGCGTTTTTTT,5,12565,40214
TTGGTATTGGAAGGCC,TTGGTACTGGTGGCGT,6,12582,31460
GTTTCCCACAGTTCGT,CATTAGCACAATTGAT,7,12622,28400
AGAGCTTCTTCAATTG,ACAGCATGGTCAATTG,4,12724,3164
TGCCAGCGAAAATACT,TACAAGCGTTAATACG,5,12954,35246
TTTTGCTACATCATGA,TTTTATTAAAGCAAGA,5,13007,7445
TGGAAAATATCCTTTT,TTGAATATAACGTTAC,6,13020,26854
TGTCGTGATTCTTTTT,GGGCGTGCTTCTGGTT,5,13136,34278
TACATCTGGCAAGTCT,TCTCTGTCGCAGGTCT,6,13337,24416
TAATAGTAGACAACGC,GAGAGGTAGACAAGGC,5,13404,39571
TGTGACGATTGTAGAG,GGTGATGTTGTTAGAG,5,13436,28576
CGTACCAAATATCTAC,GGTGAAAAATATCCAG,6,13503,33848
GAATATAGCTTGCCCT,TGTTATAGCTAGCCTT,5,13519,39794
GTGAAGCTATCTATTC,GTAAACATACCTATAG,6,13649,27562
TTCTTGAAATTATTTT,TGCTTAAAGGGATTTT,5,13867,34248
AATTGTTCTATAGTCC,AACTATTCTATTTTGT,6,13990,33066
TTTAAGGCAACAGTTT,TTTATGGCAAAGATTA,5,14106,23620
GAAGTCGTAACAATAT,AACGACGTATCGATAT,5,14262,30704
AACAATTACTAAATCA,AACAATAACAGAAGCT,5,14440,25587
TTTTGTATATTTGACA,TTATGAATATCATACA,5,14472,25778
ACGTTGATTACAGTTT,ACGTTGAATACGGTAC,4,14901,21525
ACAAAGTATAGTAACC,AAAAAGAAAAGTGAAA,6,14919,9068
CCGTTTGTTCTTCTTC,ACTTTAGTAATCCTTC,6,15029,37726
GCAATCTTCCGTCGTT,CCAATACTACGTTAAT,7,15211,1461
CTGATTGGCATACTTC,GTGATTGGCTTATTGG,5,15298,23348
GATGTAGCTTCACAGT,AAGCTAGGTTAAAAGT,6,15409,13537
GTAAGGCGCTTGTTTA,GTAAACCGCTTGTTGA,3,15515,19958
CTAATTCTGTATTTGT,ATTATTATGTATTTCG,5,15550,16889
TTCCAATCGAAGTTTT,ATACAATCCAGCTTTT,5,15713,29490
TTTTCGTATTATTTTT,TTTACTTATTGTTTCT,4,15791,6095
AAGTTGACAGAATCGC,AAGTTGATTTAAAAGC,5,15995,27523
TGAGCTTGGTTCTAAA,TAAGCATGGCACGATA,6,16569,22078
TTTAATAATTATCTAG,GCTAATGATGATGTAG,5,16592,13736
TATCTTACTATGTTTT,TATCATACAAGGTTTG,4,16870,25785
AAGAATAACTAAATCA,ACAAAGAAGTACATCA,5,16919,13390
AACCTAAGAATAACTA,AAGCTAATGATAAGGA,5,16924,27460
AGATAGAAACCAAGTA,CGATAGAAAAAGATTA,5,17309,12956
GTAATTGAACTGCTGG,GTGATTGGCTTATTGG,6,17332,23348
ACAACGGAAGAAGAGC,ACAACGAAATATATGC,5,17434,11088
AAATACTTAGGAGGAT,AAATACTTAAAGGAAA,5,18068,35786
TTTAGGAGTATTCTCA,ATTAGGAGACTTTACA,5,18165,28689
ATTGTGGAAGTTGGGG,AGTGGGTGTGTTGGGC,6,18196,18416
AAAGTAATGGAAAAAT,AAAGCAGTGGCCAATT,5,18270,5136
GATGAAGAAAAAAGAA,AATTGATAAAAAAGAA,4,18487,9497
GAATTACTGGAACTTA,CGATTACTCAAAAATA,6,18682,23259
GATTAAAACGAAAGGA,AATTACAAGGAAATCA,5,18884,23225
GCTGGTAAATTAATAC,TCCGTTTAGTTAATAC,5,19154,5967
TTCAAGAAACTCCTGC,TTCAACAAATGAATGG,6,19168,6473
GAAGGAGTTGACGCTT,AAAGGAGGTTAGCCTT,5,19471,23593
GATAAAGTGATTGAGT,AATCAAGTGGGTGTGT,5,19531,18411
AGCTTGTTTGGCGAAC,AGCATGGTTGTTGAAT,5,19558,21320
TTCTAGTAGAAAGTTG,ATCCATTTGAAAGCAG,6,20148,5127
ATTGAAGTTAATTCGG,AATGGAGTTTATTCGA,4,20175,31481
ACGGTTGAAAAAGTAT,GAGGTCGAAAAAGTGG,5,20256,10881
GACTTCATTCAATTAG,GTTTACATTCAATGAC,5,20349,29639
AACATGGAACTACTCA,TAAGTGGAACTTATCC,6,20599,33085
ACCCGACTTGACAGAA,ACCCTCCTCATCACAA,6,20699,2575
GTAATGGACGGAGCTA,ATATTGTAAGTAGATA,6,20878,15957
ACTGCTACTTACGAGA,ACTATTGAGTACGAGG,6,21013,3789
TAGAGCTTAAAAGCCA,TAGAAGTAATAAGGAA,6,21182,26782
AACGAGTGCTTGTATG,AAAGATTTCTTTAATG,5,21872,19849
GATGATAACAGACGAG,CAGGATAACGAGCGAG,5,22101,10124
AAATTTAAGTTTTATA,GAAGGTAAGTATTTTA,5,22403,4979
TGAAGATGAAATAAAC,AGGAGATGAGAGAAAA,5,22566,4091
GTTTTATATAGTTATG,GTTGTCTATAAATATG,4,22988,11840
GATAGCGAACTAATAG,TTTCGCAAACTAATTT,6,23199,37651
AAAATTAATAGTAAGA,AAAAAGAAAAGTGAAA,5,23334,9068
TTACTATGTCGCCTAA,CTAAAATGGCGGTTAA,6,23348,23996
TAGAAATACTTTAGAT,TAGAAATCTTTAAAAA,5,23512,28151
AAGAGGAATTACTAGC,AAGTTGATTTAAAAGC,5,23530,27523
CTTAAAGACTTATTAG,CTAAAAGCAGAAGTAG,6,23592,5306
GATAACTTATATTTCT,GATATTTGATATTTAG,5,23736,8824
AAAGGTTCACTTGGTC,ACAGGTTTACTAAGCA,6,23933,22068
ATTTGATAAAGTAAGT,ATTTAATAAACGAATT,4,24021,11543
CAAATATGATTGAAGT,TTAAAATGGTTGAAGA,5,24152,24470
AAATGTAAACATTGCA,AATCATTAATATTGCA,5,24399,8029
TACAAACTGAAAAGCA,GACGAAAAGAAAATCA,5,24534,8732
AAACAAGAATTTTGTT,AATCAAGATTTTAGGT,4,25386,7464
GTTTGTAAAGTATGGT,GTATGTACAGATTAAT,6,25748,4241
TAGTGGCTTTTGTTTT,TAGTTGATAGATTTTT,6,25819,19309
GTTATTTAAATAATAT,GGTATTTAAATATGTT,4,25891,16156
CTGTTATGTAAGCTAT,CTGGTATATATGCTAC,4,26406,21540
CTCTTAACTTGATATA,GTTTCAACTTATTATA,5,26462,26735
TAAAAATTAAAGCTGT,TAAGAAGTAACGCGCT,5,26590,19258
GCAATTGAACCGACTA,GCAATAAAAAAGATTA,5,26828,38914
TAGACTTGAACGTGAT,TAAACCTGAACGATTA,6,26959,16252
TTAATTAGATGATACC,TTTAATAGATCTTAGC,5,27077,24027
GACTTTCTACATAGAG,AACTTTATCCACATAA,6,27202,6704
ACACCATATAAAATGC,ACACAACACAAACATC,6,27262,27187
TAAAGTTGGTAACCGA,TAAAGGAGGCAACCAA,4,27282,29602
GTTCTTTTAATTCAAA,ATTCAATAAATACAAC,6,27386,17851
CCGCTTAGGCTGTCAA,GCGCTGACCTTGTTAA,6,27438,32230
TGCACCCTCCGCTTAG,TCCACTTTGTTATTAC,8,27446,4283
AGAACTATAACTTATA,AGAAATATAAGCGAAA,5,27614,18597
AAGCTATAACGTGATA,AAGATTTAGCGTTTTA,5,27657,5166
AAACAGAACTGCTCTT,ATACAATCCAGCTTTT,6,27677,29490
GTGACACTTTAATACA,ATGACATTGAAATAGA,5,27838,14834
TATTACTCTAACCAGC,AAGTACAGTATACAAC,7,27872,2918
ACACCACGTTAGTACA,ACACCGCAATAGTAGT,5,27891,34667
AACTATCAGTAGCAGG,ACCTGTGATTAGTAGC,6,27956,2640
CATATTGTTATTCCTA,CAAATGGATATACCTA,4,27971,30547
TATCTTATAGCAGTAG,GATCATATAGTTGTAA,5,28040,34978
TATAACTTAATAGCAA,ATGAACGTAATATCAA,5,28183,15699
TTATATATCTATCCTT,TGTTATAGCTAGCCTT,4,28198,39794
ATCAACATACCAAGAA,TCCAACATCTCAAGAA,4,28252,38019
ATTGTAAAACCTATCA,CTTATAAAAAAGAACA,6,28264,39370
TAACATAGCGATTAAT,TAAAATGGCGGTTAAA,4,28426,23997
TTGTGCTGAAAATTTC,TTTGGCAGTAAATTTG,5,28445,7566
TATAATTTCCTTTTGA,AAGATTTTATGTTTGA,6,124,11220
AAATATGAGCATATAG,AAATATGAGGAGGCAC,5,143,11849
CCTTTTTGTGTTTGCA,ATTTTTTGCGTTTTTT,6,279,40213
CTTTCTAAAAGTTTTA,CTTTTTAAAAATCGGA,5,412,14710
AGCTATCTTTATCAAG,AAATATTTTTTTCAAC,5,605,10400
TCATTGCTACCAAGCT,TAATTGCTACAGACTT,5,617,26510
GCCTTAGCAACCATCA,ACCCTAACTACTTACA,7,630,30653
TTCAGTAGGATTATAA,TTCCGTGGAGTTTTAA,5,661,21585
ACATTTTATTTAAATA,ACACTTTACTTAATTA,3,809,37381
TTCAATAGCTTGCGTA,ATCAAGATACTGCATA,6,931,38884
GTAGTCAGGTAGAAGT,TTAGTCATGAAATGGT,6,960,3573
ACGCTGTGTCGGAAGT,ACGCTTTGCAAGAAGT,4,1000,16919
CCAACGCTGTGTCGGA,AAAACGGTGTGTTTAA,6,1003,7141
AGCATTAACTCATACC,ATCATTTGGTCAAAAC,6,1020,38498
CGTCCTAGATTAAGGA,CCTGAACGATTAAGGA,5,1092,16256
GAACCACGTCCTAGAT,GCATATCGTACCAGAT,6,1098,10183
TTAAACTTGACTTACC,TTTAACTAGAATAACT,5,1115,25431
GTTAAGCACGCGCGTA,GTTAGCGACAGGCGAA,6,1135,38291
TATTGTCCGCCTAAAA,GATGTTCCGAGTAAAG,6,1158,18026
CCTTGCGCCCTCAAAG,ATTAGCGCTCTTAAAA,6,1362,24460
TAAGTATGAACTTCAT,TAATTATGAAAATCAC,4,1404,4626
GTTATCTTGTTTTTGA,GTTATGGTGATTTTGA,3,1459,28334
GAAGTGATGTAAATAC,TAAGTGATGTTTATTC,4,1482,37762
TCTCGTTTAAGTCCGC,TCCCGTCAAAGTATGG,6,1500,38428
ATTCTTCTTATCTTTG,AAAGATTTTATGTTTG,6,1618,11219
TAGTCCAATTCTTCTT,CTGTCCAAATCATAGT,6,1625,25853
ATAAGAGGTAAAGCCA,ATACGCCGTAAAGACA,4,1641,29359
CTTAGGGACACTGCCA,GTTACGGTATCTTACA,7,1657,20255
TATTAAACGCTAAGAA,TATTAGACGCATGTAA,5,1733,9138
ATTAAGGATAGGTCAA,ATTAATGTTAGTACAA,4,1854,27760
GTTGCTCATATTGAGA,GTGGCGCAAATGGTGT,6,1949,33016
TAACTCTTGTTGTTCT,TAGCTCCTGTTGACTT,5,1972,21423
CTAACTTAGATTTTAA,TTACCTCAAATTTTAC,5,2234,4075
CTGCATGACTTTTTGG,CTACCTGCCTATATGG,5,2272,14408
CTTTGTCCGATTTTAA,ATTTAACGTATTTAAA,6,2310,29810
TTGTCAAAGCAACAGT,TTTCCAAAGCAACGTA,5,2375,23652
TTTCTAAAGCCATTGT,TTCCTAAAGACTTTAA,5,2387,31334
CTTTCTCGAACTGTGT,CTTAAACCAACTGAAT,6,2431,20431
ACCACTTTCTCGAACT,TACACTTTTTAAAAAT,6,2435,14706
TTCTTTTTTATTGTAC,TGTTTGGTTATTGTCA,6,2453,35265
ACCATTCTTTTTTATT,TCCAATGTATTTTATT,4,2457,38600
CATCTTACGCAAGTCA,CAGCAGACGCAGGAAA,6,2509,12379
CGTTAGTTCTACAATA,TGATAGTTCTATTATA,4,2561,577
ATCATCAAGGTTTTCC,ATAACGAAAGTTTTAC,5,2579,28025
CGTTTATACTCGCTTG,CGACTAATCTTGCAAG,7,2659,29057
TAAACTCACACCTTTC,TTACCTCAAATTTTAC,6,2678,4075
CTTTTCCGAATAAGTT,GTATTGCGAATCAAGT,6,2715,12100
CGTGAAAATGATACCA,CCTGCAGAAGATATTA,6,2731,20469
CGCTGTAACTCTTTGA,TGCTAGGACTCATAGA,6,2768,14606
ACATCAGATTTTTTAT,TCATCACATTTATTGG,5,2884,11327
TACTAATCAAAGTATC,TAGTTATTGAAGTATG,5,2907,35186
ATTGAGAACTTCATCT,ACAAAGAAGTACATCA,6,2939,13390
TGCTATTGCGTTCGCC,TGCGATTTCATCAGCT,6,2967,26412
AAAGTCCATGCTATTG,GACGACCAAGATGTTG,6,2975,1077
GCTTAGTTTGAATACT,GGTTAATTCTAATAGT,5,3186,34728
CGCAATTTACCTTGTT,TCCAATGTATTTTATT,6,3205,38600
TTGTAACTCGAACCCT,TTTTAGTTAGAAACTT,6,3310,31445
AGCAAAATATTTTCAT,AGCTATTCATTTTAAA,6,3445,3391
TTAATATTTTCATGGT,TAAATATTTCGATGGT,3,3664,21466
TTTTAACAAGAAGTTG,GACGACCAAGATGTTG,6,3702,1077
CCCTCAATTGGTTGCT,AGCACTAATGGGTGAT,7,3724,20226
ATGCCTTGGAACGACT,ACGCTTTGCAAGAAGT,6,3887,16919
ACTTCTGAACCAATGC,AATTCTTAGCGAATAA,6,3899,37916
GCTCCGTGTTCATATA,TATTCTTGTTTATTTA,6,3989,25545
ATGACTTCACTAGATC,TTTACAACACTAACTC,6,4007,27358
CAGCTTTGTTAATGTT,AAGCTAGGTTAAAAGT,6,4099,13537
TTTTCCACAGCTTTGT,TTGTTAACAAGTTTTT,6,4106,2501
ATGCATTTTGAATAAA,GTGCATATTGTATTAA,4,4258,39496
AGCGGTTCTGTTTTTC,GGCGATTCTGTAGATC,5,4379,21229
CTAATTTGAGATTTTA,CTAATTCAAGAATTAC,5,4425,39442
ATTCTTGTACTTTTGG,ATTATTATGTATTTCG,6,4475,16889
GAGTTCTTTTTCAATA,GATTGCTTGTTAAAAA,5,4632,30206
AGCGTTTTTAATTTCT,AGCGATTTTACAATTT,5,4657,22960
TTTTCAGCAAGTTTTG,TTGTTAACAAGTTTTT,4,4680,2501
ACATTTGTAACGTGGA,GCAGTTGTGACGTGGA,3,4794,2593
TTACAGGCTCGAGAGT,TTGAAGCTTCTAGAGC,6,4913,6577
GCTGATTTGGCTTTTG,AATGATTCTGCAGCTG,7,5133,308
GCAGTAGGGCGGACAA,GCAGTAGGGATTATGA,5,5193,11816
ACTTCAGAAGCAATTT,CCTGCAGAAGATATTA,5,5316,20469
ATACAGTAGGTTTGAG,ACGCAGATTGTTTGAG,5,5372,2310
TTCAAAGGCATCAACT,ATCAAATGCTTAATTT,6,5431,35732
AAATCATGTTGCTGTT,TGAAGATGTTGTTGTG,6,5456,13978
GCGTTATAAGTTTCAA,GCGTTTTAGGTTTAGT,5,5499,24392
TTTTATTCTTATGAAA,CTTTATTTATATGAAA,3,5532,17984
CAATAGACCTTAATAT,CAGTATACGGAAAAAT,6,5570,3917
GCAATTTAATAGCTAT,TCATTTTAAGCGCGAT,5,5641,21963
TTTTTTTCCAGCAATT,TTTTATTAAAGCAAGA,5,5651,7445
TTGTTCTGCTGGTTCA,GTAAACCGCTTGTTGA,7,5742,19958
TAATACATTAACTCTT,AAATCCATCAATTGTT,5,5795,2890
TTCTTCTTCTTAACAG,TGCTTGTTAAAAACGG,6,5860,30209
ATCATAGAAAACTCAT,CTCATAGATGAGGCAC,6,5950,8507
AGTCCAATCATAGAAA,AGTACAAGCTTCTAAG,6,5956,23427
TTTCTCCGATTCCGTT,TAGCTCCTGTTGACTT,7,5997,21423
AGAAATAGTTGAAAAT,CAAACTAGTTGATGAT,5,6024,21790
TGTTGTTCGCTTGAAA,AGCTATTCATTTTAAA,6,6059,3391
TTGCTCACTAATCCCT,TTCCTTATTAAACGCA,6,6112,2344
ATCTATATAAGAATCA,ATTTAGGCAAGTATCA,5,6135,35744
TTTTAATGACCTTTGA,TTTTACAGTCCTATGA,4,6247,13169
TGACAAAGCTCGTATT,TGTTATAGCTAGCCTT,6,6268,39794
ACCGTTTTGTAAAACA,TCCGTTTAGTTAATAC,6,6354,5967
GTTCGTCATATTCCAA,TTTCAACTTATTATAA,6,6369,26736
GTATAATTGTACAAAT,GGTTAATTCTAATAGT,6,6401,34728
CAAGGCAAATAAACAG,AACGGCAATGACACAG,5,6422,11681
CCTGCACCACAAGGCA,CCTGAACGATTAAGGA,6,6431,16256
TGCTTGACCACCTGCA,TGCTAATTAACCTGAA,6,6441,17522
TGCGTTCTGTTACTTT,TCCGTTTAGTTAATAC,6,6507,5967
ATCGCCCATGCGTTCT,ATCGTAAAAGCGTTAG,6,6515,25177
TGGCTTCTGATTAATC,TGGCTCGTAAAGAAGC,6,6583,18237
TGATAACCGCTAGTGT,TTTTTACCGCAAAAGT,6,6712,38397
AAGAAAATCTCACGTG,CAGAAACTCATAGATG,6,6853,8501
GTTACAATTTTATGGT,GATAAAAGTTGATGAG,6,6934,5812
ACTGATACTAAACCAG,AATGATTCTGCAGCTG,6,6949,308
TTGAGCCAACTGATAC,TTGAACAAATAGATAA,5,6957,14978
TGGTCTGGTACATCAT,TTATATCATTCGTCAT,7,7009,3617
TTTCGCCTTGAAGTAA,ATGTGCCTGGAGATAA,6,7047,22338
TTTTCTGTTCTTTGTT,ATTTTTCTTCCTAGTT,5,7111,482
AGCCATTTTCTGTTCT,ACCCATATATTGTTGT,5,7116,21840
ACCCAAGCCATTTTCT,ACTTAAACCAATTTTT,5,7121,10086
GTAGGAGACCAACCCA,ATCGGAGACGATTTCA,6,7132,8418
ATTACCAGTAGGAGAC,ATTCCCTGATATAGAC,6,7139,22054
TTGGATAGGGTCTACA,TTGCATAGGATTTCCT,5,7307,352
AAGTCCATTGGATAGG,AAGTCCATTGAAGAAA,4,7314,19476
TTCGAATAAATATCTG,TTTGATGAAATACTTG,5,7351,11744
AATTTCGTACTCAATA,AATTAGTTACTCGATT,5,7388,4866
TTTTCTTGGCGAAATC,TTTTATTTTGGAAAAA,6,7422,37833
GCTAGAACTGTATCAG,GATAAAAGTTGATGAG,6,7465,5812
CCCTTAGAATCTTTCA,ACCTAATCATATTACA,6,7573,29159
TGTGCGTCCTTAATCA,TGGACGTTTTTATTTA,6,7612,27035
TTTATATATTCCTTTA,TTTACTTATTGTTTCT,6,7775,6095
TTGCCTTTTGTTGCTG,TGGCTTATTGGTGGTC,6,7850,23353
TTAGGTCAGTAATTTC,GAAGGTAAGTATTTTA,5,7895,4979
TATTGAACGAACTCCA,AATTCAATGAAGTCGA,5,7911,24101
AGTATAGACCATATTG,AGTACAGAAGATTTTG,4,7922,37165
CAATTCGACAAGTTCT,CTATATTACAAGTATT,6,8032,25706
GTTAGTTCTAAGTATC,GTTGTCTATAAATATG,6,8107,11840
GCGACAAAAGAATTTT,GCGATAAAACAATTAA,4,8167,21065
TTTTCTCTGTAAAGTC,TTTTCCCGTCAAAGTA,5,8199,38425
AAGTATCAATAACTTG,AAAAATCAATCAATAG,5,8231,7069
TGAACTGTGTTATATC,GCAACTGTGTAATATG,4,8478,5622
TTTCCATGAACTGTGT,CTTAAACCAACTGAAT,7,8484,20431
TTACATACCCTTTCTT,TTGCATAGGATTTCCT,5,8582,352
TTTTATCGGTATTTGT,TATTTTTGGTATTTAA,5,8738,34217
ACTGCGTTTGTAAGTT,ATTGCTTTTATATAGT,6,8771,39994
TTTCTTTTGACCTGCT,TTTATTATGCACTTTT,6,8854,18877
AGAGCCTGAACTAATA,TAAACCTGAACGATTA,5,8953,16252
TTTTAGCATCAATGTC,GTTTACATTCAATGAC,5,8972,29639
CTATTAACGCCTTTAG,CTGTTGATGACGTTAA,6,8994,19024
TCAATTCCACTATTAA,TCAATCACACTTATTG,6,9003,12809
ATCTGTCTAAATACAC,ATCTAACATGATACAC,5,9063,805
ACAGCACTAACAGCGC,TTACCAGAAACAGCAC,6,9087,31124
TTGCCAACAGCACTAA,TTGGCAATAAAGCTAA,5,9093,38644
ACCTTTTAAGCCATTG,AACTTTTATTTTATTG,5,9106,15887
TTGCGTCAGATACCCA,TTGCATAGGATTTCCT,6,9122,352
TTTCCCTTGAACTTCA,TTTCCGGTGCGATTCA,5,9177,25625
ATGAACGTTGTTGAAA,ATGAAAGTAGATTTAA,5,9276,36746
ACTGCTGTTTTAGCAC,AGTGATGTGTTAGCTA,5,9306,4405
AATGCTTGGTTAGCTT,AGTGATGTGTTAGCTA,5,9345,4405
CCAAATGCTTGGTTAG,CAAGATTTTAGGTTGG,6,9348,7467
GTACCACCAAATGCTT,GTACGACGAAAGTTAT,6,9354,7640
CTTGCTGACATTTGAC,TTACCTCAAATTTTAC,6,9405,4075
AGAGCTGTATTGTTAT,ACAGGTGTAATGCTTG,6,9459,33883
TAACAGTTGATTTAAG,TAAAAGATTATCTAAA,5,9485,18991
TATTGTTTCAAAGCCG,CATGGTTTGGAATACG,6,9513,10259
CCGAGTTTTTGCATTG,TAGAGTGTTTGACTTG,5,9588,10031
GCACCACCGAGTTTTT,ATACAATCCAGCTTTT,6,9594,29490
CCAGCACCACCGAGTT,CGAGCACAAACGAGCT,4,9597,35671
CCACCAGCACCACCGA,TTACCAGAAACAGCAC,7,9600,31124
ATAGTCGTTACAGCAC,TTACCAGAAACAGCAC,6,9618,31124
AGCATCCCCAATAGTC,AATATGGCCAAAAGCG,7,9628,23165
AAGTAGGTAACAAAGC,ACTTAAATAAAAAAGC,5,9674,7390
TTTTATCAATTATAGA,TTATACGAAGTAAAGA,5,9716,13617
ACCTGCCATTTTATCA,AACTTTTATTTTATTG,6,9724,15887
GCACTTTCGCCCCAAC,GTACGTTTGACGCAAT,6,9738,27836
TAGTTCTTTGACATAC,TAATTCAGTTGCTTAC,6,9781,25886
TTTTTTTCTAATGCTC,TTGATGTCTATTACCC,6,9801,6033
AATTTTAGACAAAGAA,AACTTTATCCACATAA,5,9829,6704
GCAAATGATTCTATTA,TATAAAGAGTCTATTA,5,9897,15656
GTTTTTGAATCTATAC,CTTTTGAAATCTAAAA,5,9915,725
GCACTTTCGCCAGTTT,GCGATTTCATCAGCTT,5,9927,26413
CAGAACCAGCACTTTC,TTAAAACAGCAGTTTC,5,9935,25613
AATTAGCAATAGTTTT,ACTTAGCAAAAGGTGT,4,9965,19706
ATTTTAAAAGCTACAA,CTTTTGAAATCTAAAA,4,10098,725
GAACCAATTTTAAAAG,GCTCAGATGTTAAAAG,5,10104,14021
TTACTCCTGTTCCTGC,ATGCTACTGGTCCTGG,5,10172,21549
TAACAGCATTGAAAGC,TAAAAAAATTGAAAAG,5,10193,22742
CGAATGGATTTATAGC,CGCAACGATTGATATA,6,10211,9279
AGAGCCACGAATGGAT,AAATCCATCAATTGTT,6,10218,2890
GCAACAATGGCTGCGA,GTAATAATGTAAGAGA,6,10245,39415
AGCCTTTTTACCTGTT,AGCGATTTTACAATTT,5,10291,22960
TGCACTCTTTAAGAAG,TACACTTTTTAAAAAT,4,10324,14706
ATACCGCTAAAGAATG,GTAACGATTAGAAATG,6,10356,26662
TTGACCAATACCGCTA,TTGACTCAGACGGCAA,5,10363,33172
TATATCAGCAAACCAT,TATATGAGCAAGAGCT,5,10378,8793
AATGCCTTTAGCTCCG,GATGCATCTAAATTCG,6,10411,28108
ATCGACTAAGCCTTGC,ATCGAAAAAGAAGCGC,6,10429,9340
CTGAACCAATCGACTA,TTGAACAAATAGATAA,5,10437,14978
AATATTTTGAACACCT,AATGTTTGGTACAAGT,5,10465,26037
TAAAGTAGTAAAGAAT,TAACTTAGTCATGAAA,5,10498,3569
GTAACAACAGTTGTCC,ATAACGAAAGTTTTAC,5,10515,28025
TGCTGTTTGAATACCA,TGCTTGTTAAAAACGG,6,10531,30209
TAGCCCTGTGAAGAAC,AAGTCCATTGAAGAAA,5,10564,19476
ATTATAAGCACCTGTC,ATTAAACGCAAGGGTG,6,10636,2350
AATATAGATTTATAAA,GTTATACCTTTATTAA,5,10686,28316
ACTAACCCAAATATAG,ACTAACTTTATTTTAG,5,10695,10288
ATATAAGTTGGAATGC,ATATCAGTTGTTACAA,6,10730,39
TGCTCCGATAACTAAT,CGCTGAGAAAAATAAA,6,10771,3882
AAGAAACCTGATATGC,AATAAAACTTTTATGG,5,10794,11602
ATGGCGCTAAATACTG,ATGGCAGTACTTAATG,5,10848,24355
GCAAAACTACCAATGG,GTAAACATACCTATAG,5,10860,27562
AGCTGAACCAGCAAAA,AGCTGAACAATCAAAA,2,10870,14763
GTACATTCCAAGCTGA,ATACTATCGAAGCTGT,5,10880,31972
ACCAGTACATTCCAAG,ACAAGTATGTTCAAAA,5,10884,19381
TACACCAACCAGTACA,TAATTCAAGAATTACA,6,10891,39443
GCTACTGCATTCCATA,GTTACGGTATCTTACA,7,10905,20255
AAGAAGCCAGCTACTG,AACAAAACAAATACTG,5,10914,33686
AGCGCTAGAAGCAAAA,AGAAATATAAGCGAAA,5,10990,18597
TATTGATGAAACTACT,TATTCATGCAAGTTTT,5,11011,25730
CTAAAGAAGCCTGATA,TTAAAGAATGGTCATG,6,11037,9984
CTAACAACACTACGAA,TTTACAACACTAACTC,6,11070,27358
AGAGCGCTGAACACTC,AACACGCTGTACAAAC,6,11088,22371
CCAAGAGCGCTGAACA,AAAAAAGAGCTGAAAA,5,11091,7129
AGCGTTTGAAGCAAAG,AGCGTTGAAAGTTATG,5,11110,32841
AAAGCTTCGAATACTC,CTATCGTCGAATATTA,6,11208,8589
AGCATTAGAAGCAAAA,AGAAATATAAGCGAAA,4,11230,18597
ATACCGTTAAACACTC,ATAACGTTACAGGCGC,5,11262,26860
GAACGCTGTCTATCGT,GAACGCTTTCAATGTT,4,11318,26027
ATCAATTGAACCTTTG,AACAATAAAACTTTTA,5,11365,11599
ACTTTACTTGCAACCC,ACTTATATTGCTAATC,6,11382,39528
TAGAACCTTTGAATAG,TAAAAAAATTGAAAAG,5,11405,22742
GCACCGCCTTGCACGT,ACACCGCAATAGTAGT,7,11517,34667
TTAAGCCCTCCCTAGT,TTACTACCTGCCTATA,6,11581,14405
AAACTTTATCATCTGT,ATACTTTCACATCATT,5,11635,38488
TTTGTGACGTCCAAAA,CTTTTGAAATCTAAAA,5,11648,725
AATTAGAGGGCTGGTA,ACCCAGATGGTTGGTA,5,11680,38236
GATGTTATTAGTTGAT,GGTATTATGAGTGGAG,5,11706,18152
TTACTTTGCCAGATGT,ACGCTTTGCAAGAAGT,5,11717,16919
ATACCATTACTTTGCC,ATTCTAATAGTTGGAC,6,11723,34733
TTACTCCAATACCATT,AGGCTTCAACACCATC,6,11731,15672
AACGTTTCTAGTTTAA,AACTATTCTATTTTGT,5,11783,33066
CTTTGTAATTATATCG,ATTGATGAGTATATCG,5,11985,17705
GCGATAACTTTACCGT,ACAAAAGCTTTACCAT,5,12041,5991
TAAACTTTTGACATGC,AAAACTTTTTATGTGT,5,12059,33752
TAATAAGTGTAAGAAG,TAATAGGGGTAACTAT,5,12116,30812
GCGACTTAAACGTTCT,ACGACACAAATGATTT,6,12147,38141
TAAAACTAAATATTTC,TAAAACTTTTTATGTG,5,12178,33751
GCAGGTGTTTTAGGTA,GAAGCTGATTTAGATA,4,12215,18759
GTATCGTCTAAAAATC,CTATCGTCGAATATTA,5,12239,8589
ACCTTGGTAAACTTCA,ACTTTAGTAATCCTTC,6,12333,37726
TTCCAACCTTGGTAAA,GTCGAATATTGGTAAG,5,12338,34431
TTACAGGGAATAAATT,TCAATGAGATTAAATT,5,12370,34015
TTTGGCCTTTTTCAAT,TAGTGGTTTTTTCAAG,6,12415,23107
TTAGGCATGCTGAAAT,ATGAGGATTCTGAAAT,5,12547,16664
CAGTTCGTAGTTAATA,AAGGTGGTAATTGATA,5,12614,18612
ACTTCTACCGAAACGG,ACTTATACCGAGAAGA,4,12670,8637
TATCTAAATTCAGTTT,TACATGCAATCAGTTT,5,12753,25972
AAAGTAGTTTTTTAAC,AAAAGAGTTTCTTAAA,4,12812,19824
TAACTCATTAAATTAT,TTAGTCATGAAATGGT,5,12919,3573
GCGAAAATACTTGAAT,CCAATACTACGTTAAT,6,12949,1461
GTTTCTTGAAGCAAAG,TTTTATTAAAGCAAGA,5,13112,7445
TTGTCACACTTTGCTT,TCGTTGAACTTTGTTG,6,13164,30481
TGATAAGTGCTATAAT,AGAAAAGTGAAATGGT,6,13309,9072
AATATCTACTAAGTCA,AATTACAAGGAAATCA,6,13496,23225
CTTTCTACAAAAATAA,CTTTCTATACAGATAA,3,13579,27484
TAAGTAGCAACATACT,TAAGAAGTAACGCGCT,5,13619,19258
TTCAATAACTCTAAAT,ATTAATATTTCTAAAT,4,13691,3009
ATTGATACAAATTGAC,ATTGATAAAAAAGAAC,4,13772,9498
CCAATTGATACAAATT,CCAGCAGATGGAAATT,5,13775,24065
TAAGGATAACCACCAA,TAAGCAAAACAAGCAA,4,13787,7862
GTCAACATCATGTATA,CTCATCGTCATTTAGA,5,13968,18363
TTCCAGTCAACATCAT,AAACAAACAACTTAAT,7,13973,2524
GTCTTTGCGCCTAATT,ATTTTTCTTCCTAGTT,6,14002,482
GCAATAATTGAAGTAT,TTATTAATTGAAATTT,5,14061,6291
CCAGCAATAATTGAAG,AAACCTCTAATTGCAG,6,14064,19870
GAACCGTTGTTTATAT,GTACGGTTGTTAATAA,4,14223,1979
GTTCCTGAAGTCGTAA,GATCATATAGTTGTAA,5,14268,34978
GCTTCAACTGTCAACG,GGTTGAACTACGTAAG,7,14385,9684
TTTCCAGCTTCAACTG,TTTACAACACTAACTC,6,14391,27358
AACCATTTCCAGCTTC,AAGCGTTTAGAGATGC,6,14396,31052
AAGAACCTAACAATTA,CAGATCCTATTAATTT,5,14448,40185
GCCTTTTTGTATATTT,AACTTTTATTTTATTG,6,14476,15887
GACATATTCCAGCCTT,GAGTTATATAAAGCTT,7,14487,1876
TGTTCCAGACATATTC,TTTTACAGTCCTATGA,6,14494,13169
ACAAGACTTTGAACAA,ACAAAAGCTTTACCAT,6,14538,5991
GCAAAATGACCAACAA,TCAATAAGAAAAACAA,5,14550,31181
TTTGGGTTTATATCAA,TATTGGGTTAAATCAC,5,14589,38937
AGTAATACTACCATTT,AGTAATGCAATCATTT,3,14602,30090
CCAAGTAATACTACCA,CCAAGCAATAGATGAA,6,14605,3515
CGTGTTGCAATAGGTG,CGTGTTGCTTGGAGTG,5,14643,26125
TTTTGTTTCGCTTTCT,ATTTTTTGCGTTTTTT,5,14693,40213
TGTTGCGAAAAGAATC,TGGCTCGTAAAGAAGC,5,14749,18237
CAGGGAGAATACAACC,CAGAAAGCATAAAAAA,6,14827,3041
GCAAACATTGGGCTGA,GTAAAGGTTGGACTAA,5,14964,38521
TTCTTTTTAATAAGTT,TTATTAAAAATAACTT,5,14991,39073
GCATTAGTTATATTCA,GTGTTGGTTATTTACA,5,15059,16550
CGAACGCCAGCATTAG,CTAAAAGCAGAAGTAG,6,15068,5306
GCATCATTGTGGATTA,GAATGAACATGAATTA,6,15107,13195
TTTGACCCAGCATCAT,TTATATCATTCGTCAT,7,15116,3617
ATCATCATAGAAACTG,TTCATCACTGAAAACG,5,15144,23045
TTTTCTGGGTTTTGCT,TTTTTTGCGTTTTTTT,4,15170,40214
ATATAAACATGAGCAA,ATATGAGCAAGAGCTA,4,15191,8794
TGTTAGAGAAGTCAGA,CGATATAGAAGTAATA,5,15232,26777
TGCCATGTTAGAGAAG,TGAAATGTGAGAGATG,4,15237,7747
ACTGGCATAATTTGCA,ACTTAAATAATGCGCA,5,15279,32761
TTGTTTCATGTACTTA,TTATTACAGGTCATGA,6,15369,4292
CGGAACGTCTAGGGCA,CAGAACGAACAAGGTT,7,15445,17549
TGAGCTTCCACGGAAC,GATGCTTTCACTAAAA,7,15455,29959
CCATGAGCTTCCACGG,GAATTAGCTGACATGT,7,15458,12069
TTTGTATATGTAAATT,ATCGTTTATCTGAATT,5,15584,39163
TTAAAGTAGTAAGTTG,TTAGCGTTTTAAGGTG,5,15611,5171
ATTGGTCTGGGTGTGA,ATTTATTTGAGTATGA,5,15649,21191
GTTGTTTCTTTATAAG,GTTGTCTATAAATATG,5,15683,11840
ATCGAAGTTTTTAAGG,ATGGCAGTACTTAATG,5,15708,24355
CAATTAAGTGAGGGCC,CAATAGAGTACGTACA,7,15808,7990
ATAAAAGGTCATTATG,AAAAAATGGTATTAGG,5,15884,3051
CGGTCAACAGCTAGAA,GGGTTAACTCCTGGAA,5,16640,9514
AGTAAAGAGTATCTAT,GTAAAAGATTATCTAA,5,16747,18990
AATACCGTAGCATTCC,TTTAACGAAACGTTCG,7,16888,8867
AGTAGAAATTGAAAAA,AATATAAAACGAAAAA,4,17297,3300
ATGAATACGGTATGGA,ATATAGAGGGTATTGA,5,17895,26899
TTGGTCAAGTCGTTTA,TTGGTTAACTCAATTG,5,18322,25653
AAATAGAAAGACAAGG,AAATAGAAATAGAGCT,5,18641,3698
TTGCTTTGACATTCAA,TTCCGTGGAGTTTTAA,6,18824,21585
CTATTTATAATAACAA,TTATTAAAAATAACTT,5,19073,39073
CCACTATTTATAATAA,GCAGTATTTTTCATAG,5,19076,21691
TAACTTGAGCTTACAG,CAACATAAGATGACAG,5,19718,32718
TTTGACTTTGACGGAG,AATGACATTGAAATAG,6,20013,14833
AGGAATCAGGCGAATA,AGATAGCAGACGAAGA,5,20297,15219
TTATTTGAAAAAGAAA,TTATTACAAATACAAA,4,20409,11907
GCGCTAAATCGAGCTG,GCGCTAGGTAAAGCGC,6,20632,19269
GCTTCAATGTTTGATG,GATTCTCGGTTTGATA,5,20797,34160
TATCTATATGATAATT,GTTCTTTATGATAATA,4,20959,16121
AGGTTGGAAAGAAGAG,GCATTTCAAAGAAAAT,7,21166,1938
TACTTTGTCAAAAAAC,AACTTTATCCACATAA,6,21247,6704
ATAGCATTATTTCAAG,TTAAAACTATTTCAGG,5,21536,12663
TACTCTGATAAGAAAG,TATTTTGATTGAAATG,6,21555,34343
AAAAGTTGGTTGGTCT,GAAAGTTATTGGGATT,6,22057,7647
AGTAGTGCTTTTGAGT,AGTAGAGCTTAAGATA,5,22478,26954
TGAAAAAGTAAATGAA,TGAGAGAGCAAATAAA,4,23058,13999
TTAGAAACGACGAAAG,TCTGAAACGACGTTAA,5,23160,35299
GCATGGTATGAGATTG,ACGCGATATGAAAATG,6,23367,34142
TATATTAGGAGCTACG,TATATATAAAGCAACA,6,23392,10245
ATGGCAGAAGTCCTAA,ATTACAGATATCCTAA,4,23544,34556
ACCAATGGCAGAAGTC,AACAATAACAGAAGCT,5,23548,25587
AGGGAAAAAGCACAAT,CAGGAGAAAGCGCAAG,5,23674,38992
AGGAGCTTAAAGAATC,TGGCTCGTAAAGAAGC,5,23998,18237
TGTAGACAACCCTAAA,AGCAGTCAAAGCTAAA,5,24412,8093
AAACAACGGATGAAAT,AAAAAAGGGCAGAAAA,5,24917,79
AAATGTAAATATAAAG,AAATCAAAATATGAAC,4,25347,8351
AAATTAAAGATTAATA,CAATTAAAGCAAAATA,4,25586,32004
ACTCGTAAAAAAAGAA,AATTGATAAAAAAGAA,4,25669,9497
CCTTAGTGGCTTTTGT,TCCTACTGCCTTGCAT,7,25822,342
GCAATACATTTTGATT,GAAATAGTATTTGTTT,5,26186,12907
GAAGTAGACAAGGAAA,AAAGGAGATAACGAAA,4,26228,6879
CATTCAACAGCATTAA,CATTGAATAGCATAGG,5,26555,24743
GTATTAGAAGTGCTAA,TTATTACAAATACAAA,5,26774,11907
CCTGCAATTGAACCGA,CGTACACTTATAACGA,6,26831,20865
AAGGATCTTTACTTTT,AAAGATTTTATGTTTG,6,26851,11219
AGAATGAACCGTTAGC,AGAATCAACAGCAAAA,6,26998,37559
ATGTTATGACGGTTAC,AGGTGATGACGGCGAA,5,27026,21601
TTTACTGTTTGGTACA,TTTACTTATTGTTTCT,5,27054,6095
CACCATTTACTGTTTG,AAAGATTTTATGTTTG,5,27059,11219
TGTCGTCATTGATATC,TATTTTGATTGAAATG,6,27163,34343
AGAATAATCAAGGCAA,AGAGTAATTAACATAA,5,27244,14532
TATAAAATGCCAAGAA,TACAAGATACCTAAAA,5,27256,36481
CTCCTTAAAGTTGGTA,CTTTTTAAAAATCGGA,6,27287,14710
ATAAGATAGATGTAAA,ATCATATAGTTGTAAT,4,27345,34979
CTACCAATAAGATAGA,CTAAAAATTAATTAAA,6,27351,4599
GCCACTACCAATAAGA,GCGACTACAAAAAAAG,5,27355,38676
TTATACTATGCTCGCA,TTAAAACATTCAGGCA,6,27519,31815
CGTTTACAGGTTTGGA,TTATTACAGGTCATGA,6,27551,4292
TAATACGCTCAATACC,GAAAAGGAGCAATGCC,6,27631,22899
GAGTATTGCTTCCGCC,GTGTATTGCAACAGAT,6,27694,37136
CGTTATCTGGAATCGA,CATGGTTTGGAATACG,7,27714,10259
CTAACCACGTTATCTG,CAAACAACTTAATAGG,6,27721,2527
AGTATTGCGCAATAGC,ACTATTGAGTACGAGG,6,27766,3789
GTTATCTGTATAGTTG,GTTGTCTATAAATATG,5,27787,11840
GCTGTCACTTAGTTAT,GCAGAACCTGAGTTAT,5,27858,36922
CGTTAGTACACCTTAT,CATTAGCACAATTGAT,5,27885,28400
TTAGACTATACCGCTA,TAAAATTATACCAGAA,6,28000,6865
CGTTTACCATTAGACT,GGTTTACCATCATACA,4,28009,40355
TAATAATAAATAATAA,TCTTTAAAAATAAAAA,5,28080,68
CAGCAATGCGAACACT,AATCAATTGGAACGAT,6,28151,28964
TACTAATAGCCACAGC,TACATTTAGACGCAGC,5,28163,38977
TAACTATATCTCCTTT,TACCCATATATTGTTG,6,28212,21839
AACCATAACTATATCT,AACAATAACAGAAGCT,5,28217,25587
AGAATAAATTGTATTA,AGATTACATTTGTTTA,5,28240,36397
AACAATGCAAACTGGT,AACAATTCAACCCAGA,5,392,38227
TCAGCGTCATATATTG,TCAGCGATTTATAATC,5,552,30403
CCATTCAGTAGGATTA,CGATATAGAAGTAATA,6,664,26777
TTTTCTTTGTTGTATT,TTTTGTTAGCAGTATT,4,828,26082
CCTAAAATCATCCAGT,ACTTAAATAAAAAAGC,7,1149,7390
CCATATTGTCCGCCTA,CGGTATTGTTCGACGG,6,1161,33001
AACTTGGTCAAACACG,AACTTGATGAAGCAGT,5,1222,11805
CCAGAAGTGATGTAAA,TGAGAAAAGAAGTAAA,5,1485,24158
AACGACCTATCATTGT,AACGACGTATCGATAT,4,1566,30704
ACATAAGTTCTATTTT,ACAAAGGTTATATAGT,5,1833,12992
TACAGAGAAAGTTAGC,TACGACGAAAGTTATT,5,1930,7641
TATCAAGTAAGATTAG,TATCATACAAGGTTTG,5,2015,25785
ATTTTTCTAAGTCTGC,ATTTATTGAACGCTGC,5,2094,24776
TCTTTGTCAAAGAAAT,TATTTTTAAAAGATAT,4,2160,34500
ATTTTAACAGCAGTAT,ATTTATTCAGCTGTAT,4,2301,30274
CCATTTCTAAAGCCAT,CCCTTTCTGAAGAAAT,4,2390,768
AATGCACCACATCTTA,AATGGTACACAACATA,5,2518,21615
AATAAGTTCAATTTTT,ACTTAAACCAATTTTT,5,2707,10086
TCTTGTTATCAACTGG,GCTTGATATCAAAGCT,6,3336,27960
ATTTAATAAGGTCAAT,ATTTTAAAAGGTCATA,4,3402,3399
TCCTCATTTTCAGTTA,TGGACGTTTTTATTTA,6,3863,27035
TTACGATTCTCTACAC,TTTAGATGCTATCCAG,6,3917,34076
TGTTCATATAGCAATG,TATTAATTTAGGATTG,5,3983,40192
TCTTTGTGGACTTGGG,TATTGGTGGTCAGGAT,7,4854,23358
TCTCCCTCAACAAGAG,TTTTACTCAAGAAAAA,6,5052,20634
TTTGTTCCGTCTCCCT,TTTTTTGCGTTTTTTT,6,5061,40214
CTTCTTCAATAGCGTC,CTTTTTAAAAATCGGA,6,5168,14710
CTTGTTAGTGTTTCTA,CTTGTAAATTATTTTC,6,5475,6619
ACAATAGCAAGAGATG,CCAATAGGTAAAGAAG,5,5709,29098
TACATTTTTACCAAGT,TACATTTAGACGCAGC,5,5969,38977
TTAAGCTCATACCGTA,TTAAGCAGGTGCCATA,5,5983,21278
ATTCCGTTAAGCTCAT,ATACCAATGATCTTAT,6,5989,4917
TCTTGTCTTCTATCGT,TCATCACATTTATTGG,7,6208,11327
ACTAGTCCTACAAGTT,CGCAGACATACAAGCT,6,6332,13526
TTTTGTAAAACATTTC,ATTTTTAAAAGATATT,5,6350,34501
CTAGTGTAATTAGCTC,CTAGTTTAATTGATAC,5,6703,13233
TTACTTCCCTTAGTCA,ACACTTTACTTAATTA,6,6898,37381
CTTGGTCTTCCATTGA,CAGGGTATTCGACTAA,6,6969,14654
TCGACAAATTCCCCTG,TCGCCTATATACACAG,7,7210,13359
TCAACTGAATCTGTTT,TCATCTGGATTTGTAC,5,7288,34594
CTTTCCATTTTCTTGG,CTAATCGTCATCTTGG,6,7429,5896
TCATTATTACCCTTTG,AAATTAAAACTATTTC,7,7531,12660
TTTGTTGCTACTTTTC,TTACTGGCGACTTCTC,5,7630,25898
TCAGCGGAGAACGTTA,CTAGCTCAAAGCGTTA,6,7675,9195
TATCCATTGCCTTTTG,TACCCATATATTGTTG,6,7856,21839
TCTTCTTTTTTAAGTT,TATTCTTGTTTATTTA,5,7875,25545
TCAGTATCGAACTCAA,TCCTTATTAAACGCAA,5,8001,2345
TTACAATCTACCCAAA,TTACTACCTGCCTATA,5,8245,14405
TTTCCTCTTTTTCTTG,AGTCGTTTTTTTATTT,6,8349,37825
TATATCTCGACCTCAA,TATATAGCGACAGGAG,6,8616,39558
CTAAAGCGTGACTTCA,ATAAAGCGTATATACA,5,9024,8967
CAATTTCTCTAAGACC,CAATCTTTATAAACGC,6,9041,1308
TAAGCCTGAACTACAC,TAAACCTGAACGATTA,5,9387,16252
GGTTCATTTCCATAAC,GGTTGAACTACGTAAG,6,9497,9684
AGTTTTTGCATTGCCT,ATTTTTTGCGTTTTTT,5,9585,40213
TCCCAAATTTTAGACA,TCGCTAATGGTAGATA,5,9834,35915
AAAGTTGATTTTAAAC,AAATATTTTTTTCAAC,5,9852,10400
ATTATACTTAAAACTG,ATAAAACGAAAAACGG,5,9873,3303
TCCCATGCACTCTTTA,TTCCGTGGAGTTTTAA,6,10329,21585
CTAAAGAATGAAACTA,TTAAAGAATGGTCATG,6,10350,9984
TTCCATATATCAGCAA,ATTCAAAAATCACGAA,6,10383,1154
TCAACTGCTCCGTTCC,TCAAAGAATACTTTGC,7,10395,15807
TTCCAAATATTTTGAA,TTCTAACATTTTTGAC,5,10470,25035
TCCCATAGCCCTGTGA,TTTTACAGTCCTATGA,6,10569,13169
CGAATAATAGCCAATA,CGATTACTCAAAAATA,6,10743,23259
ATAACTAATTGGTAAG,AGCACTAATGGGTGAT,5,10764,20226
TTCCATGCTCCGATAA,TGCCATTTTCGGAAAA,5,10776,7195
ATAGCACTGAAAGCAC,TTACCAGAAACAGCAC,6,10968,31124
CTGAAGATACCTGTTA,TTGATAATACAGGTTA,5,11136,29894
CTAAAGAAATCAGCTA,CTGGAGAAATAACTTA,5,11157,30335
TCAAACACTCCGCTAA,TCTGAAACGACGTTAA,6,11169,35299
CTAACTATATTTTTAG,ATAACGAAAGTTTTAC,5,11190,28025
TTAAACACTCCTGTTA,TTTTACAGTCCTATGA,5,11256,13169
AATATATCACTAAAGA,AATATAAAACGAAAAA,4,11286,3300
CCCAGAACGCTGTCTA,ACCAGAAAGATAACGA,6,11322,5214
CCAACTTTACTTGCAA,AAACCTCTAATTGCAG,6,11385,19870
CTAGAAGATAAATTGA,CTAGAAGAGAAAATTG,4,11442,6598
TAACCGCTAGAAGATA,TGACAGCTAGATATTT,6,11448,23282
CCTTGCACGTTAAATG,GCTCAGATGTTAAAAG,6,11511,14021
TCTAAGTTGGTATGTA,TGGACGTTTTTATTTA,6,11615,27035
TAACCCTCTGTCTTTG,TACCCATATATTGTTG,6,11933,21839
TTCTTACCGTAACCCT,TTTTTACCGCAAAAGT,5,11942,38397
TTTTCAATTTTATCAA,ATATCAGTTGTTACAA,6,12026,39
TCTTAAATACAATTGC,ACTTAAATAAAAAAGC,4,12271,7390
CCTTTCTCTTGATTTT,GTGTTATCGGTATTTT,7,12463,25310
AAACGGTCAAAGTAGC,AGACGCCAAAAGTAAC,5,12660,2465
CTTTACGATTAATTGT,CTGTCCAAATCATAGT,6,12975,25853
TGTCCATTGTCACACT,GATCTATTGTGTTAAT,7,13170,15852
TTATTTTTTGCTATGT,TTATTAATTGAAATTT,5,13279,6291
TCTCCATGATAAGTGC,TAGCTATCATAACTTC,6,13315,1365
TGGTCATCTCTATCAT,TGACCATCCCGAGCAT,5,13375,15544
ACTTCGTACAAGAGCG,AATATGGCCAAAAGCG,6,13754,23165
CCATAAGGATAACCAC,TAATTATGAAAATCAC,6,13790,4626
ACTGGGAACTCTGTAC,ACGTTGAATACGGTAC,6,13929,21525
TCATTATTAGAACCGA,TCCTTATTAAACGCAA,5,13944,2345
TTACTATTATTTGATG,TCAGTCTGATTTGATG,4,14199,13783
TTGTTTATATCAACAC,TTGTTGATAACAGAGT,6,14217,8290
CTAACTGTCATATCAT,CTAACTTACCTAAGAT,5,14343,24953
TTACCACGTGTTGCAA,ATATCAGTTGTTACAA,5,14649,39
TCAAATCAATTACAAG,TAGAAGCAATTAGAAA,5,14810,4577
TTTGTTCTTCTTCAAC,TTGATTATTCACCAAC,5,15026,2983
GTAGGATTATACCCAC,GTCGTTATATAGCGAC,6,15083,39553
TCGTTTCCAATATAAA,TCTTTAAAAATAAAAA,5,15200,68
TATGAGTTAGCACAAT,TAAAAGTTAAGACGAT,5,15257,13564
CTTGCTCATTTCTCAA,CCTACACAGTATTCAA,6,15334,2380
TGCCACCATGAGCTTC,GGCAACCAATGGCTTA,6,15463,29609
TTAGCTTGCATGAAAC,CTAGTTTAATTGATAC,6,15749,13233
AACAAAGAACAGACCA,AACAAAGCACCGAATA,4,15900,23153
GCAATAATATTATTGA,ACAATACTAATAATGA,4,16286,7312
TAGCATTCCCTTATCT,TACCTTTACCTAAAAT,6,16881,6805
TAACAAGGCTTTAGAC,AATCAAGATTTTAGGT,6,17756,7464
CAGATACCTATTGTGG,CACATACCAATGTTGA,5,18205,8130
AAGAAATAGTGCAAAA,TAGAAATCTTTAAAAA,5,18551,28151
AATATAATGAACCTGA,AATTCAATGAAGATGA,4,18696,4965
ACTTGACAGAAGAACA,AATTGACACCTCAAGA,6,20694,873
AATTAAATGAATATAT,AATTCAATGAAGATGA,4,21659,4965
AGCCATATATTAGGAG,ATCCATTTGAAAGCAG,6,23397,5127
TATCATTCCGAGCCAT,TTGCGTTCCAAGCCAT,4,23407,25817
TTCGCTGGCAGAGAAA,ATCTCAAGAAGGGAAA,6,23841,38025
AACAATATTATTATTC,AACAATAAAACTTTTA,5,25473,11599
AACAATAAATGTCAAT,AACGAAAAAGGTCACG,5,25525,29539
CAATTTAACTAGAAGT,TAATTTAACACAAAGT,4,25792,33907
ATATCAAATAAGTGTT,ATTTCACAGAAATGTT,4,26688,29018
ACTACATACTCATTTG,ACAGCATGGTCAATTG,5,26816,3164
TCAGCAATAAGCTTGG,TTAGCAATATGATTCT,5,26876,29834
TTAGCTCTAATCAATG,TTAGATCGAGTCAAGG,4,26987,12415
AACCTACACCATATAA,AACTTTATCCACATAA,5,27267,6704
TCAATCAGTACACCTG,TCAATAAGAAAAACAA,6,27401,31181
CTTAGGCTGTCAACTC,ATGATGGTGTTGACTT,7,27435,36269
TCACCTTGCACCCTCC,TTACCTCAAATTTTAC,8,27452,4075
CCTAAACAGAACTGCT,GCGAAAGAGAAGTACG,6,27680,12561
TGCACCAGTTATCTGT,CGCCCAAGCTATTTAT,6,27794,18435
CTAACTATGACTACCT,GTATCAATGACAAACA,6,27987,36344
TTCTTGAATGTTATAT,TGCAGGTATCTTATAT,5,28313,30609
TAGCGATACCTTTAGC,AAGAGATATCTGTATC,5,461,10109
TCTGGGACTTCGATTT,ATGTGTACTTTGATTT,6,774,33253
TTGTTTTGTACTCTTG,TTGTTAACAAGTTTTT,7,1294,2501
TCAAAGTATCATTTGT,TCAAAGAATACTTTGC,4,1352,15807
ATATTAAACGCTAAGA,ATTTTAAAAGGTCATA,5,1734,3399
TCTAACTCACAAACGA,GATTGCCTACAAACGA,6,1893,27316
TGTTTTGGTTCTAAAG,TATTTTGATTGAAATG,5,2074,34343
TTTTAAAATTTCATAG,TTTTAAAAGGTCATAT,3,2128,3400
ACTGCATGACTTTTTG,AGTACAGAAGATTTTG,6,2273,37165
ACTTTGTCCGATTTTA,ATTTTTTGCGTTTTTT,5,2311,40213
ACGTTAGTTCTACAAT,ATGATAGTGCGACAAA,5,2562,32053
ACGTTTATACTCGCTT,AGGTTTACAGTCGTTG,5,2660,12525
TTTCTACCATAAACTC,TTTACAACACTAACTC,5,2687,27358
TTAGGACTCCAATTGA,TTAAGATGGAAGTTGA,6,2950,20685
TCTTGCATGTTCTTTA,TCTTTGATGTACTGCC,6,3295,31076
TTAACTACTCGTCTGC,TTGATTATTCACCAAC,7,3568,2983
ATTTTAACAAGAAGTT,AATCGAACAAGAAGTA,4,3703,19145
TCAATTGGTTGCTCGC,TAATTCAGTTGCTTAC,6,3721,25886
AATGACTTCACTAGAT,GATGCTTTCACTAAAA,5,4008,29959
AATGCATTTTGAATAA,AATTCTTAGCGAATAA,5,4259,37916
TCAACAAGAGCAAGGT,TCAACAAATGAATGGT,4,5046,6474
ATGTTGTTCGCTTGAA,CTGTTGATGACGTTAA,6,6060,19024
TCTAAAATCATTTTGT,ACTTAAACCAATTTTT,5,6097,10086
ATGACAAAGCTCGTAT,AGGAGTTAACTCGTAT,5,6269,17877
ATGCGTTCTGTTACTT,ATGTGTACTTTGATTT,5,6508,33253
TTTTTTTCAACTAAGA,TTTTATTAAAGCAAGA,4,6739,7445
TTTTCTATAATTTCAT,TTACCTCAAATTTTAC,6,6810,4075
TTAGTCATATCAGCTA,TTATGAATATCATACA,6,6889,25778
AAGCCATTTTCTGTTC,AACCGGTTTTATATCC,6,7117,27619
TTTAATAAGGTATTGA,ATATAGAGGGTATTGA,5,7172,26899
TGTAACTTTATCACGC,AGAAACTTATTTACGA,6,7196,37435
AAATTTCGTACTCAAT,AGATGTATTACGAAAT,6,7389,3328
TTTGTAGCAGTAGTTA,TTTGATGAAATACTTG,6,7519,11744
TTAGAATCTTTCAAAG,GCAGTATTTTTCATAG,5,7570,21691
TTTACCGTCAGTATCG,TTTAACGAAACGTTCG,6,8008,8867
AAAGTATCAATAACTT,GAAGTATCAAAAAAGT,4,8232,21014
TTTCTTTTACGCCTTT,TTTATTATGCACTTTT,5,8572,18877
TGACATAGCGGTATTG,TGACAGCTAGATATTT,6,8671,23282
TAAGCCCTGACATAGC,TTAGTCATGAAATGGT,6,8678,3573
AACTGCGTTTGTAAGT,AAATGATTTAGTTAGT,5,8772,31910
TCTAGCCTGTTAGCTT,ACCAAGCTGTTATCTT,5,8910,19907
TCGACTTGCTTAATTT,ACGACTTGATTAAGCA,5,8931,35360
AAGAGCCTGAACTAAT,AACACGCTGTACAAAC,6,8954,22371
AACCTTTTAAGCCATT,AAGCGTTTTAGCGCTT,5,9107,1903
TTGAACTTCAATGTAT,TTGAACAACAAATCAA,6,9171,32212
AATAGTCGTTACAGCA,ATTAAACCTTACAAAA,6,9619,5009
AAGCATCCCCAATAGT,AAGCTAACCCTAAAAT,6,9629,28559
AACCTGCCATTTTATC,ACCCTGCAATTGACGC,6,9725,21657
ATAGTTCTTTGACATA,ATGATTTTATGAAAGA,6,9782,20736
AAATTTTAGACAAAGA,TAATTTAACACAAAGT,4,9830,33907
ATTACTCCTGTTCCTG,AATGATTCTGCAGCTG,7,10173,308
AAGCCTTTTTACCTGT,AAAACTTTTTATGTGT,4,10292,33752
ATGCACTCTTTAAGAA,GTGAACTCTTCAAAGA,5,10325,23552
ATGCTGTTTGAATACC,ATGATGATTGGTTACA,5,10532,29183
TGTAACTCCTGCCCAT,ACTAACACCTGCTGAA,6,10546,23328
TGTGAAGAACCCTGTA,TGGAAATATCCAAGTA,6,10558,37478
ATAGCCCTGTGAAGAA,ATATCCATGTAGTGAA,5,10565,10146
AAATATAGATTTATAA,AAGAAAAGTTTTATAA,4,10687,4674
AAGCGCTAGAAGCAAA,AAGAGTTAGATCCAAA,4,10991,20060
AAGCGTTTGAAGCAAA,AAGAGTTAGATCCAAA,4,11111,20060
AGAACGCTGTCTATCG,AAAACGGTGTGTTTAA,6,11319,7141
AATCAATTGAACCTTT,AATCAATTGGAACGAT,4,11366,28964
TAGTTCAAATTCTCGT,CTGTCCAAATCATAGT,6,11569,25853
TCCCTAGTTCAAATTC,TTATTAATTGAAATTT,6,11573,6291
AAATTAGAGGGCTGGT,GAATTAGCTGACATGT,6,11681,12069
ATTACTCCAATACCAT,ATTACAAGGAAATCAT,6,11732,23226
TCTGTCTTTGTGACAT,TGGGGTTTTGTAACAT,5,11927,34516
AGCGACTTAAACGTTC,AGGGAGTTTAACGGTA,5,12148,3714
ATAAAACTAAATATTT,ATAAAACGAAAAACGG,5,12179,3303
ACAGTTCGTAGTTAAT,CCAATACTACGTTAAT,6,12615,1461
AAAAGTAGTTTTTTAA,AAGAAAAGTTTTATAA,4,12813,4674
TTGTCGTGATTCTTTT,TGGACGTTTTTATTTA,6,13137,27035
TCGTACCAAATATCTA,TCGTACCAGATTGGCA,5,13504,10188
TGTGAAGCTATCTATT,AATGAAGATAGTTCTT,6,13650,27793
ATGTTCCAGACATATT,ATTTCACAGAAATGTT,5,14495,29018
ACCAAGTAATACTACC,ACCTAATCATATTACA,5,14606,29159
CCCACCAAGTAATACT,CCTACCCGGTAATAAA,5,14609,837
ATGTTGCGAAAAGAAT,TTGTTGATAACAGAGT,5,14750,8290
ACAGGGAGAATACAAC,ACAGGGCGATGAAAAT,5,14828,8521
TACGTTGATTACAGTT,TATTTTGATTGAAATG,6,14902,34343
ACGAACGCCAGCATTA,AGGAAAGCGAGCATGG,5,15069,29506
GGTAGGATTATACCCA,GAAAGGATTAGAATCA,5,15084,19103
AGCATCATTGTGGATT,AGCATGGTTGTTGAAT,4,15108,21320
AACTGGCATAATTTGC,ACCTGTGATTAGTAGC,6,15280,2640
TCTGATTGGCATACTT,TCATACCGTCATTCTT,6,15299,6358
ATTGTTTCATGTACTT,ATTCATTCATGTTATT,4,15370,15351
TGTAAGGCGCTTGTTT,GGCAAGGTGCATGCTC,6,15516,31827
ACAATTAAGTGAGGGC,ACAAATGATTTAGGGT,5,15809,38146
TTTTAATAATTATCTA,TATTAATGGTTATAGA,5,16593,39506
TTATCTTACTATGTTT,TTATGATAATATGGAT,5,16871,16126
TACAACGGAAGAAGAG,TTCAACAAATGAATGG,6,17435,6473
TAAAGTAATGGAAAAA,TAGAGTTATTGAAGAA,4,18271,14094
TACGGTTGAAAAAGTA,AACTGGTGGAAATGTA,5,20257,16467
ATTATTTGAAAAAGAA,CCAAATTGAAAAAGCA,5,20410,2103
GACTTGACAGAAGAAC,GAGAACACAGACGAAC,5,20695,3540
TCTTAAAGACTTATTA,TTTTACAGTCCTATGA,5,23593,13169
TAAATGTAAACATTGC,TCAAAGAATACTTTGC,5,24400,15807
AAAACAACGGATGAAA,AACAAATCGGCTTAAA,5,24918,36170
AAAATGTAAATATAAA,CAATTGTTAATATGAT,5,25348,13836
TTAAAAATTAAAGCTG,ATAAAACGAAAAACGG,6,26591,3303
TTAGACTTGAACGTGA,TTTGAAATGTACGAGA,5,26960,10552
AAGAATGAACCGTTAG,AAAAATCAATCAATAG,5,26999,7069
ACACCATTTACTGTTT,CCAACGTTTAATGATT,5,27060,4198
TCCGCTTAGGCTGTCA,TGCTTGTAGCCGGTCA,6,27439,38719
GTCACCTTGCACCCTC,GGCAAGGTGCATGCTC,6,27453,31827
ACGTTTACAGGTTTGG,AGGTTTACAGTCGTTG,5,27552,12525
TAAGCTATAACGTGAT,TAAGAAGTAACGCGCT,5,27658,19258
TACACCACGTTAGTAC,TCCACTTTGTTATTAC,5,27892,4283
ACGTTTACCATTAGAC,ATCGTTATCATTCGAA,6,28010,19090
TTATCTTATAGCAGTA,TAAAATTATACCAGAA,5,28041,6865
TTAACATAGCGATTAA,CTAAAATGGCGGTTAA,4,28427,23996
